Workbook

Sheet Scores
A1: Scientific name | B1: Common name | C1: VENOM HAZARD (0-100) | D1: Hazard rank | E1: HUMAN RISK (0-100) | F1: Risk rank | G1: Hazard data grade | H1: Flags | I1: Annual deaths (documented) | J1: Case-fatality rate | K1: Potency | L1: Quantity | M1: Encounter | N1: Bite propensity | O1: Onset | P1: Antivenom access | Q1: Risk dimensions used | R1: Species row
A2: Daboia russelii | B2: =IFERROR(INDEX(Species!$B$2:$B$300,$R2),"NOT IN SPECIES") -> Russell's viper | C2: =IF(w_pot+w_qty<=0,"",IF(AND(OR(w_pot=0,ISNUMBER(K2)),OR(w_qty=0,ISNUMBER(L2))),(w_pot*N(K2)+w_qty*N(L2))/(w_pot*ISNUMBER(K2)+w_qty*ISNUMBER(L2)),IF(ISNUMBER(K2),"needs yield","needs LD50"))) -> 89.924543 | D2: =IF(ISNUMBER(C2),RANK(C2,$C$2:$C$300),"") -> 1 | E2: =IF(w_enc+w_bite+w_onset+w_access<=0,"",IF(Q2<min_dims,"insufficient data",(w_enc*N(M2)+w_bite*N(N2)+w_onset*N(O2)+w_access*N(P2))/(w_enc*ISNUMBER(M2)+w_bite*ISNUMBER(N2)+w_onset*ISNUMBER(O2)+w_access*ISNUMBER(P2)))) -> 73.076923 | F2: =IF(ISNUMBER(E2),RANK(E2,$E$2:$E$300),"") -> 2 | G2: =IFERROR(IF(OR(INDEX(Species!$I$2:$I$300,$R2)="",INDEX(Species!$M$2:$M$300,$R2)=""),"",CHAR(MAX(CODE(INDEX(Species!$I$2:$I$300,$R2)),CODE(INDEX(Species!$M$2:$M$300,$R2))))),"") -> C | H2: =IFERROR(MID(IF(AND(ISNUMBER(INDEX(Species!$J$2:$J$300,$R2)),N(INDEX(Species!$J$2:$J$300,$R2))>1.5),"; LD50 sources differ "&TEXT(INDEX(Species!$J$2:$J$300,$R2),"0.0")&"x","")&IF(AND(INDEX(Species!$H$2:$H$300,$R2)<>"",INDEX(Species!$H$2:$H$300,$R2)<>"SC"),"; LD50 route "&INDEX(Species!$H$2:$H$300,$R2),"")&IF(INDEX(Species!$I$2:$I$300,$R2)="D","; LD50 Tier D","")&IF(AND(ISNUMBER(INDEX(Species!$N$2:$N$300,$R2)),N(INDEX(Species!$N$2:$N$300,$R2))>1.5),"; yield sources differ "&TEXT(INDEX(Species!$N$2:$N$300,$R2),"0.0")&"x","")&IF(INDEX(Species!$M$2:$M$300,$R2)="D","; yield Tier D",""),3,300),"") | I2: =IFERROR(INDEX(Species!$S$2:$S$300,$R2)&"","") | J2: =IFERROR(INDEX(Species!$T$2:$T$300,$R2)&"","") | K2: =IFERROR(MEDIAN(0,100*(LOG10(ld_least)-LOG10(INDEX(Species!$G$2:$G$300,$R2)))/(LOG10(ld_least)-LOG10(ld_most)),100),"") -> 100 | L2: =IFERROR(MEDIAN(0,100*(LOG10(INDEX(Species!$L$2:$L$300,$R2))-LOG10(y_min))/(LOG10(y_max)-LOG10(y_min)),100),"") -> 79.849085 | M2: =IFERROR(IF(ISNUMBER(INDEX(Species!$O$2:$O$300,$R2)),ord_floor+(ord_ceil-ord_floor)*(INDEX(Species!$O$2:$O$300,$R2)-1)/9,""),"") -> 90 | N2: =IFERROR(IF(ISNUMBER(INDEX(Species!$P$2:$P$300,$R2)),ord_floor+(ord_ceil-ord_floor)*(INDEX(Species!$P$2:$P$300,$R2)-1)/4,""),"") -> 90 | O2: =IFERROR(IF(ISNUMBER(INDEX(onset_ord,MATCH(INDEX(Species!$Q$2:$Q$300,$R2),onset_labels,0))),ord_floor+(ord_ceil-ord_floor)*(IF(onset_dir="mortality",6-INDEX(onset_ord,MATCH(INDEX(Species!$Q$2:$Q$300,$R2),onset_labels,0)),INDEX(onset_ord,MATCH(INDEX(Species!$Q$2:$Q$300,$R2),onset_labels,0)))-1)/4,""),"") -> 70 | P2: =IFERROR(IF(ISNUMBER(INDEX(access_ord,MATCH(INDEX(Species!$R$2:$R$300,$R2),access_labels,0))),ord_floor+(ord_ceil-ord_floor)*(INDEX(access_ord,MATCH(INDEX(Species!$R$2:$R$300,$R2),access_labels,0))-1)/4,""),"") -> 10 | Q2: =ISNUMBER(M2)*(w_enc>0)+ISNUMBER(N2)*(w_bite>0)+ISNUMBER(O2)*(w_onset>0)+ISNUMBER(P2)*(w_access>0) -> 4 | R2: =IFERROR(MATCH($A2,Species!$A$2:$A$300,0),"") -> 1
A3: Naja melanoleuca | B3: =IFERROR(INDEX(Species!$B$2:$B$300,$R3),"NOT IN SPECIES") -> Forest cobra | C3: =IF(w_pot+w_qty<=0,"",IF(AND(OR(w_pot=0,ISNUMBER(K3)),OR(w_qty=0,ISNUMBER(L3))),(w_pot*N(K3)+w_qty*N(L3))/(w_pot*ISNUMBER(K3)+w_qty*ISNUMBER(L3)),IF(ISNUMBER(K3),"needs yield","needs LD50"))) -> 89.652714 | D3: =IF(ISNUMBER(C3),RANK(C3,$C$2:$C$300),"") -> 2 | E3: =IF(w_enc+w_bite+w_onset+w_access<=0,"",IF(Q3<min_dims,"insufficient data",(w_enc*N(M3)+w_bite*N(N3)+w_onset*N(O3)+w_access*N(P3))/(w_enc*ISNUMBER(M3)+w_bite*ISNUMBER(N3)+w_onset*ISNUMBER(O3)+w_access*ISNUMBER(P3)))) -> 33.760684 | F3: =IF(ISNUMBER(E3),RANK(E3,$E$2:$E$300),"") -> 73 | G3: =IFERROR(IF(OR(INDEX(Species!$I$2:$I$300,$R3)="",INDEX(Species!$M$2:$M$300,$R3)=""),"",CHAR(MAX(CODE(INDEX(Species!$I$2:$I$300,$R3)),CODE(INDEX(Species!$M$2:$M$300,$R3))))),"") -> C | H3: =IFERROR(MID(IF(AND(ISNUMBER(INDEX(Species!$J$2:$J$300,$R3)),N(INDEX(Species!$J$2:$J$300,$R3))>1.5),"; LD50 sources differ "&TEXT(INDEX(Species!$J$2:$J$300,$R3),"0.0")&"x","")&IF(AND(INDEX(Species!$H$2:$H$300,$R3)<>"",INDEX(Species!$H$2:$H$300,$R3)<>"SC"),"; LD50 route "&INDEX(Species!$H$2:$H$300,$R3),"")&IF(INDEX(Species!$I$2:$I$300,$R3)="D","; LD50 Tier D","")&IF(AND(ISNUMBER(INDEX(Species!$N$2:$N$300,$R3)),N(INDEX(Species!$N$2:$N$300,$R3))>1.5),"; yield sources differ "&TEXT(INDEX(Species!$N$2:$N$300,$R3),"0.0")&"x","")&IF(INDEX(Species!$M$2:$M$300,$R3)="D","; yield Tier D",""),3,300),"") -> LD50 sources differ 1.9x; yield sources differ 2.2x | I3: =IFERROR(INDEX(Species!$S$2:$S$300,$R3)&"","") | J3: =IFERROR(INDEX(Species!$T$2:$T$300,$R3)&"","") | K3: =IFERROR(MEDIAN(0,100*(LOG10(ld_least)-LOG10(INDEX(Species!$G$2:$G$300,$R3)))/(LOG10(ld_least)-LOG10(ld_most)),100),"") -> 79.305428 | L3: =IFERROR(MEDIAN(0,100*(LOG10(INDEX(Species!$L$2:$L$300,$R3))-LOG10(y_min))/(LOG10(y_max)-LOG10(y_min)),100),"") -> 100 | M3: =IFERROR(IF(ISNUMBER(INDEX(Species!$O$2:$O$300,$R3)),ord_floor+(ord_ceil-ord_floor)*(INDEX(Species!$O$2:$O$300,$R3)-1)/9,""),"") -> 27.777778 | N3: =IFERROR(IF(ISNUMBER(INDEX(Species!$P$2:$P$300,$R3)),ord_floor+(ord_ceil-ord_floor)*(INDEX(Species!$P$2:$P$300,$R3)-1)/4,""),"") -> 50 | O3: =IFERROR(IF(ISNUMBER(INDEX(onset_ord,MATCH(INDEX(Species!$Q$2:$Q$300,$R3),onset_labels,0))),ord_floor+(ord_ceil-ord_floor)*(IF(onset_dir="mortality",6-INDEX(onset_ord,MATCH(INDEX(Species!$Q$2:$Q$300,$R3),onset_labels,0)),INDEX(onset_ord,MATCH(INDEX(Species!$Q$2:$Q$300,$R3),onset_labels,0)))-1)/4,""),"") -> 30 | P3: =IFERROR(IF(ISNUMBER(INDEX(access_ord,MATCH(INDEX(Species!$R$2:$R$300,$R3),access_labels,0))),ord_floor+(ord_ceil-ord_floor)*(INDEX(access_ord,MATCH(INDEX(Species!$R$2:$R$300,$R3),access_labels,0))-1)/4,""),"") -> 30 | Q3: =ISNUMBER(M3)*(w_enc>0)+ISNUMBER(N3)*(w_bite>0)+ISNUMBER(O3)*(w_onset>0)+ISNUMBER(P3)*(w_access>0) -> 4 | R3: =IFERROR(MATCH($A3,Species!$A$2:$A$300,0),"") -> 52
A4: Oxyuranus microlepidotus | B4: =IFERROR(INDEX(Species!$B$2:$B$300,$R4),"NOT IN SPECIES") -> Inland taipan | C4: =IF(w_pot+w_qty<=0,"",IF(AND(OR(w_pot=0,ISNUMBER(K4)),OR(w_qty=0,ISNUMBER(L4))),(w_pot*N(K4)+w_qty*N(L4))/(w_pot*ISNUMBER(K4)+w_qty*ISNUMBER(L4)),IF(ISNUMBER(K4),"needs yield","needs LD50"))) -> 84.348409 | D4: =IF(ISNUMBER(C4),RANK(C4,$C$2:$C$300),"") -> 4 | E4: =IF(w_enc+w_bite+w_onset+w_access<=0,"",IF(Q4<min_dims,"insufficient data",(w_enc*N(M4)+w_bite*N(N4)+w_onset*N(O4)+w_access*N(P4))/(w_enc*ISNUMBER(M4)+w_bite*ISNUMBER(N4)+w_onset*ISNUMBER(O4)+w_access*ISNUMBER(P4)))) -> 14.615385 | F4: =IF(ISNUMBER(E4),RANK(E4,$E$2:$E$300),"") -> 91 | G4: =IFERROR(IF(OR(INDEX(Species!$I$2:$I$300,$R4)="",INDEX(Species!$M$2:$M$300,$R4)=""),"",CHAR(MAX(CODE(INDEX(Species!$I$2:$I$300,$R4)),CODE(INDEX(Species!$M$2:$M$300,$R4))))),"") -> B | H4: =IFERROR(MID(IF(AND(ISNUMBER(INDEX(Species!$J$2:$J$300,$R4)),N(INDEX(Species!$J$2:$J$300,$R4))>1.5),"; LD50 sources differ "&TEXT(INDEX(Species!$J$2:$J$300,$R4),"0.0")&"x","")&IF(AND(INDEX(Species!$H$2:$H$300,$R4)<>"",INDEX(Species!$H$2:$H$300,$R4)<>"SC"),"; LD50 route "&INDEX(Species!$H$2:$H$300,$R4),"")&IF(INDEX(Species!$I$2:$I$300,$R4)="D","; LD50 Tier D","")&IF(AND(ISNUMBER(INDEX(Species!$N$2:$N$300,$R4)),N(INDEX(Species!$N$2:$N$300,$R4))>1.5),"; yield sources differ "&TEXT(INDEX(Species!$N$2:$N$300,$R4),"0.0")&"x","")&IF(INDEX(Species!$M$2:$M$300,$R4)="D","; yield Tier D",""),3,300),"") | I4: =IFERROR(INDEX(Species!$S$2:$S$300,$R4)&"","") -> 0 (Australia, 2005-2015) | J4: =IFERROR(INDEX(Species!$T$2:$T$300,$R4)&"","") | K4: =IFERROR(MEDIAN(0,100*(LOG10(ld_least)-LOG10(INDEX(Species!$G$2:$G$300,$R4)))/(LOG10(ld_least)-LOG10(ld_most)),100),"") -> 100 | L4: =IFERROR(MEDIAN(0,100*(LOG10(INDEX(Species!$L$2:$L$300,$R4))-LOG10(y_min))/(LOG10(y_max)-LOG10(y_min)),100),"") -> 68.696817 | M4: =IFERROR(IF(ISNUMBER(INDEX(Species!$O$2:$O$300,$R4)),ord_floor+(ord_ceil-ord_floor)*(INDEX(Species!$O$2:$O$300,$R4)-1)/9,""),"") -> 10 | N4: =IFERROR(IF(ISNUMBER(INDEX(Species!$P$2:$P$300,$R4)),ord_floor+(ord_ceil-ord_floor)*(INDEX(Species!$P$2:$P$300,$R4)-1)/4,""),"") -> 30 | O4: =IFERROR(IF(ISNUMBER(INDEX(onset_ord,MATCH(INDEX(Species!$Q$2:$Q$300,$R4),onset_labels,0))),ord_floor+(ord_ceil-ord_floor)*(IF(onset_dir="mortality",6-INDEX(onset_ord,MATCH(INDEX(Species!$Q$2:$Q$300,$R4),onset_labels,0)),INDEX(onset_ord,MATCH(INDEX(Species!$Q$2:$Q$300,$R4),onset_labels,0)))-1)/4,""),"") -> 10 | P4: =IFERROR(IF(ISNUMBER(INDEX(access_ord,MATCH(INDEX(Species!$R$2:$R$300,$R4),access_labels,0))),ord_floor+(ord_ceil-ord_floor)*(INDEX(access_ord,MATCH(INDEX(Species!$R$2:$R$300,$R4),access_labels,0))-1)/4,""),"") -> 10 | Q4: =ISNUMBER(M4)*(w_enc>0)+ISNUMBER(N4)*(w_bite>0)+ISNUMBER(O4)*(w_onset>0)+ISNUMBER(P4)*(w_access>0) -> 4 | R4: =IFERROR(MATCH($A4,Species!$A$2:$A$300,0),"") -> 5
A5: Oxyuranus scutellatus | B5: =IFERROR(INDEX(Species!$B$2:$B$300,$R5),"NOT IN SPECIES") -> Coastal taipan | C5: =IF(w_pot+w_qty<=0,"",IF(AND(OR(w_pot=0,ISNUMBER(K5)),OR(w_qty=0,ISNUMBER(L5))),(w_pot*N(K5)+w_qty*N(L5))/(w_pot*ISNUMBER(K5)+w_qty*ISNUMBER(L5)),IF(ISNUMBER(K5),"needs yield","needs LD50"))) -> 84.524485 | D5: =IF(ISNUMBER(C5),RANK(C5,$C$2:$C$300),"") -> 3 | E5: =IF(w_enc+w_bite+w_onset+w_access<=0,"",IF(Q5<min_dims,"insufficient data",(w_enc*N(M5)+w_bite*N(N5)+w_onset*N(O5)+w_access*N(P5))/(w_enc*ISNUMBER(M5)+w_bite*ISNUMBER(N5)+w_onset*ISNUMBER(O5)+w_access*ISNUMBER(P5)))) -> 37.521368 | F5: =IF(ISNUMBER(E5),RANK(E5,$E$2:$E$300),"") -> 63 | G5: =IFERROR(IF(OR(INDEX(Species!$I$2:$I$300,$R5)="",INDEX(Species!$M$2:$M$300,$R5)=""),"",CHAR(MAX(CODE(INDEX(Species!$I$2:$I$300,$R5)),CODE(INDEX(Species!$M$2:$M$300,$R5))))),"") -> C | H5: =IFERROR(MID(IF(AND(ISNUMBER(INDEX(Species!$J$2:$J$300,$R5)),N(INDEX(Species!$J$2:$J$300,$R5))>1.5),"; LD50 sources differ "&TEXT(INDEX(Species!$J$2:$J$300,$R5),"0.0")&"x","")&IF(AND(INDEX(Species!$H$2:$H$300,$R5)<>"",INDEX(Species!$H$2:$H$300,$R5)<>"SC"),"; LD50 route "&INDEX(Species!$H$2:$H$300,$R5),"")&IF(INDEX(Species!$I$2:$I$300,$R5)="D","; LD50 Tier D","")&IF(AND(ISNUMBER(INDEX(Species!$N$2:$N$300,$R5)),N(INDEX(Species!$N$2:$N$300,$R5))>1.5),"; yield sources differ "&TEXT(INDEX(Species!$N$2:$N$300,$R5),"0.0")&"x","")&IF(INDEX(Species!$M$2:$M$300,$R5)="D","; yield Tier D",""),3,300),"") | I5: =IFERROR(INDEX(Species!$S$2:$S$300,$R5)&"","") | J5: =IFERROR(INDEX(Species!$T$2:$T$300,$R5)&"","") | K5: =IFERROR(MEDIAN(0,100*(LOG10(ld_least)-LOG10(INDEX(Species!$G$2:$G$300,$R5)))/(LOG10(ld_least)-LOG10(ld_most)),100),"") -> 82.815316 | L5: =IFERROR(MEDIAN(0,100*(LOG10(INDEX(Species!$L$2:$L$300,$R5))-LOG10(y_min))/(LOG10(y_max)-LOG10(y_min)),100),"") -> 86.233653 | M5: =IFERROR(IF(ISNUMBER(INDEX(Species!$O$2:$O$300,$R5)),ord_floor+(ord_ceil-ord_floor)*(INDEX(Species!$O$2:$O$300,$R5)-1)/9,""),"") -> 45.555556 | N5: =IFERROR(IF(ISNUMBER(INDEX(Species!$P$2:$P$300,$R5)),ord_floor+(ord_ceil-ord_floor)*(INDEX(Species!$P$2:$P$300,$R5)-1)/4,""),"") -> 50 | O5: =IFERROR(IF(ISNUMBER(INDEX(onset_ord,MATCH(INDEX(Species!$Q$2:$Q$300,$R5),onset_labels,0))),ord_floor+(ord_ceil-ord_floor)*(IF(onset_dir="mortality",6-INDEX(onset_ord,MATCH(INDEX(Species!$Q$2:$Q$300,$R5),onset_labels,0)),INDEX(onset_ord,MATCH(INDEX(Species!$Q$2:$Q$300,$R5),onset_labels,0)))-1)/4,""),"") -> 30 | P5: =IFERROR(IF(ISNUMBER(INDEX(access_ord,MATCH(INDEX(Species!$R$2:$R$300,$R5),access_labels,0))),ord_floor+(ord_ceil-ord_floor)*(INDEX(access_ord,MATCH(INDEX(Species!$R$2:$R$300,$R5),access_labels,0))-1)/4,""),"") -> 10 | Q5: =ISNUMBER(M5)*(w_enc>0)+ISNUMBER(N5)*(w_bite>0)+ISNUMBER(O5)*(w_onset>0)+ISNUMBER(P5)*(w_access>0) -> 4 | R5: =IFERROR(MATCH($A5,Species!$A$2:$A$300,0),"") -> 3
A6: Bitis gabonica | B6: =IFERROR(INDEX(Species!$B$2:$B$300,$R6),"NOT IN SPECIES") -> Gaboon viper | C6: =IF(w_pot+w_qty<=0,"",IF(AND(OR(w_pot=0,ISNUMBER(K6)),OR(w_qty=0,ISNUMBER(L6))),(w_pot*N(K6)+w_qty*N(L6))/(w_pot*ISNUMBER(K6)+w_qty*ISNUMBER(L6)),IF(ISNUMBER(K6),"needs yield","needs LD50"))) -> 84.117211 | D6: =IF(ISNUMBER(C6),RANK(C6,$C$2:$C$300),"") -> 5 | E6: =IF(w_enc+w_bite+w_onset+w_access<=0,"",IF(Q6<min_dims,"insufficient data",(w_enc*N(M6)+w_bite*N(N6)+w_onset*N(O6)+w_access*N(P6))/(w_enc*ISNUMBER(M6)+w_bite*ISNUMBER(N6)+w_onset*ISNUMBER(O6)+w_access*ISNUMBER(P6)))) -> 42.991453 | F6: =IF(ISNUMBER(E6),RANK(E6,$E$2:$E$300),"") -> 47 | G6: =IFERROR(IF(OR(INDEX(Species!$I$2:$I$300,$R6)="",INDEX(Species!$M$2:$M$300,$R6)=""),"",CHAR(MAX(CODE(INDEX(Species!$I$2:$I$300,$R6)),CODE(INDEX(Species!$M$2:$M$300,$R6))))),"") -> C | H6: =IFERROR(MID(IF(AND(ISNUMBER(INDEX(Species!$J$2:$J$300,$R6)),N(INDEX(Species!$J$2:$J$300,$R6))>1.5),"; LD50 sources differ "&TEXT(INDEX(Species!$J$2:$J$300,$R6),"0.0")&"x","")&IF(AND(INDEX(Species!$H$2:$H$300,$R6)<>"",INDEX(Species!$H$2:$H$300,$R6)<>"SC"),"; LD50 route "&INDEX(Species!$H$2:$H$300,$R6),"")&IF(INDEX(Species!$I$2:$I$300,$R6)="D","; LD50 Tier D","")&IF(AND(ISNUMBER(INDEX(Species!$N$2:$N$300,$R6)),N(INDEX(Species!$N$2:$N$300,$R6))>1.5),"; yield sources differ "&TEXT(INDEX(Species!$N$2:$N$300,$R6),"0.0")&"x","")&IF(INDEX(Species!$M$2:$M$300,$R6)="D","; yield Tier D",""),3,300),"") | I6: =IFERROR(INDEX(Species!$S$2:$S$300,$R6)&"","") | J6: =IFERROR(INDEX(Species!$T$2:$T$300,$R6)&"","") | K6: =IFERROR(MEDIAN(0,100*(LOG10(ld_least)-LOG10(INDEX(Species!$G$2:$G$300,$R6)))/(LOG10(ld_least)-LOG10(ld_most)),100),"") -> 76.492898 | L6: =IFERROR(MEDIAN(0,100*(LOG10(INDEX(Species!$L$2:$L$300,$R6))-LOG10(y_min))/(LOG10(y_max)-LOG10(y_min)),100),"") -> 91.741525 | M6: =IFERROR(IF(ISNUMBER(INDEX(Species!$O$2:$O$300,$R6)),ord_floor+(ord_ceil-ord_floor)*(INDEX(Species!$O$2:$O$300,$R6)-1)/9,""),"") -> 27.777778 | N6: =IFERROR(IF(ISNUMBER(INDEX(Species!$P$2:$P$300,$R6)),ord_floor+(ord_ceil-ord_floor)*(INDEX(Species!$P$2:$P$300,$R6)-1)/4,""),"") -> 30 | O6: =IFERROR(IF(ISNUMBER(INDEX(onset_ord,MATCH(INDEX(Species!$Q$2:$Q$300,$R6),onset_labels,0))),ord_floor+(ord_ceil-ord_floor)*(IF(onset_dir="mortality",6-INDEX(onset_ord,MATCH(INDEX(Species!$Q$2:$Q$300,$R6),onset_labels,0)),INDEX(onset_ord,MATCH(INDEX(Species!$Q$2:$Q$300,$R6),onset_labels,0)))-1)/4,""),"") -> 90 | P6: =IFERROR(IF(ISNUMBER(INDEX(access_ord,MATCH(INDEX(Species!$R$2:$R$300,$R6),access_labels,0))),ord_floor+(ord_ceil-ord_floor)*(INDEX(access_ord,MATCH(INDEX(Species!$R$2:$R$300,$R6),access_labels,0))-1)/4,""),"") -> 30 | Q6: =ISNUMBER(M6)*(w_enc>0)+ISNUMBER(N6)*(w_bite>0)+ISNUMBER(O6)*(w_onset>0)+ISNUMBER(P6)*(w_access>0) -> 4 | R6: =IFERROR(MATCH($A6,Species!$A$2:$A$300,0),"") -> 2
A7: Hydrophis schistosus | B7: =IFERROR(INDEX(Species!$B$2:$B$300,$R7),"NOT IN SPECIES") -> Hook-nosed sea snake | C7: =IF(w_pot+w_qty<=0,"",IF(AND(OR(w_pot=0,ISNUMBER(K7)),OR(w_qty=0,ISNUMBER(L7))),(w_pot*N(K7)+w_qty*N(L7))/(w_pot*ISNUMBER(K7)+w_qty*ISNUMBER(L7)),IF(ISNUMBER(K7),"needs yield","needs LD50"))) -> 68.903046 | D7: =IF(ISNUMBER(C7),RANK(C7,$C$2:$C$300),"") -> 20 | E7: =IF(w_enc+w_bite+w_onset+w_access<=0,"",IF(Q7<min_dims,"insufficient data",(w_enc*N(M7)+w_bite*N(N7)+w_onset*N(O7)+w_access*N(P7))/(w_enc*ISNUMBER(M7)+w_bite*ISNUMBER(N7)+w_onset*ISNUMBER(O7)+w_access*ISNUMBER(P7)))) -> 25.384615 | F7: =IF(ISNUMBER(E7),RANK(E7,$E$2:$E$300),"") -> 84 | G7: =IFERROR(IF(OR(INDEX(Species!$I$2:$I$300,$R7)="",INDEX(Species!$M$2:$M$300,$R7)=""),"",CHAR(MAX(CODE(INDEX(Species!$I$2:$I$300,$R7)),CODE(INDEX(Species!$M$2:$M$300,$R7))))),"") -> C | H7: =IFERROR(MID(IF(AND(ISNUMBER(INDEX(Species!$J$2:$J$300,$R7)),N(INDEX(Species!$J$2:$J$300,$R7))>1.5),"; LD50 sources differ "&TEXT(INDEX(Species!$J$2:$J$300,$R7),"0.0")&"x","")&IF(AND(INDEX(Species!$H$2:$H$300,$R7)<>"",INDEX(Species!$H$2:$H$300,$R7)<>"SC"),"; LD50 route "&INDEX(Species!$H$2:$H$300,$R7),"")&IF(INDEX(Species!$I$2:$I$300,$R7)="D","; LD50 Tier D","")&IF(AND(ISNUMBER(INDEX(Species!$N$2:$N$300,$R7)),N(INDEX(Species!$N$2:$N$300,$R7))>1.5),"; yield sources differ "&TEXT(INDEX(Species!$N$2:$N$300,$R7),"0.0")&"x","")&IF(INDEX(Species!$M$2:$M$300,$R7)="D","; yield Tier D",""),3,300),"") -> LD50 sources differ 8.2x | I7: =IFERROR(INDEX(Species!$S$2:$S$300,$R7)&"","") | J7: =IFERROR(INDEX(Species!$T$2:$T$300,$R7)&"","") | K7: =IFERROR(MEDIAN(0,100*(LOG10(ld_least)-LOG10(INDEX(Species!$G$2:$G$300,$R7)))/(LOG10(ld_least)-LOG10(ld_most)),100),"") -> 73.606049 | L7: =IFERROR(MEDIAN(0,100*(LOG10(INDEX(Species!$L$2:$L$300,$R7))-LOG10(y_min))/(LOG10(y_max)-LOG10(y_min)),100),"") -> 64.200044 | M7: =IFERROR(IF(ISNUMBER(INDEX(Species!$O$2:$O$300,$R7)),ord_floor+(ord_ceil-ord_floor)*(INDEX(Species!$O$2:$O$300,$R7)-1)/9,""),"") -> 10 | N7: =IFERROR(IF(ISNUMBER(INDEX(Species!$P$2:$P$300,$R7)),ord_floor+(ord_ceil-ord_floor)*(INDEX(Species!$P$2:$P$300,$R7)-1)/4,""),"") -> 10 | O7: =IFERROR(IF(ISNUMBER(INDEX(onset_ord,MATCH(INDEX(Species!$Q$2:$Q$300,$R7),onset_labels,0))),ord_floor+(ord_ceil-ord_floor)*(IF(onset_dir="mortality",6-INDEX(onset_ord,MATCH(INDEX(Species!$Q$2:$Q$300,$R7),onset_labels,0)),INDEX(onset_ord,MATCH(INDEX(Species!$Q$2:$Q$300,$R7),onset_labels,0)))-1)/4,""),"") -> 50 | P7: =IFERROR(IF(ISNUMBER(INDEX(access_ord,MATCH(INDEX(Species!$R$2:$R$300,$R7),access_labels,0))),ord_floor+(ord_ceil-ord_floor)*(INDEX(access_ord,MATCH(INDEX(Species!$R$2:$R$300,$R7),access_labels,0))-1)/4,""),"") -> 50 | Q7: =ISNUMBER(M7)*(w_enc>0)+ISNUMBER(N7)*(w_bite>0)+ISNUMBER(O7)*(w_onset>0)+ISNUMBER(P7)*(w_access>0) -> 4 | R7: =IFERROR(MATCH($A7,Species!$A$2:$A$300,0),"") -> 4
A8: Dendroaspis polylepis | B8: =IFERROR(INDEX(Species!$B$2:$B$300,$R8),"NOT IN SPECIES") -> Black mamba | C8: =IF(w_pot+w_qty<=0,"",IF(AND(OR(w_pot=0,ISNUMBER(K8)),OR(w_qty=0,ISNUMBER(L8))),(w_pot*N(K8)+w_qty*N(L8))/(w_pot*ISNUMBER(K8)+w_qty*ISNUMBER(L8)),IF(ISNUMBER(K8),"needs yield","needs LD50"))) -> 81.340379 | D8: =IF(ISNUMBER(C8),RANK(C8,$C$2:$C$300),"") -> 6 | E8: =IF(w_enc+w_bite+w_onset+w_access<=0,"",IF(Q8<min_dims,"insufficient data",(w_enc*N(M8)+w_bite*N(N8)+w_onset*N(O8)+w_access*N(P8))/(w_enc*ISNUMBER(M8)+w_bite*ISNUMBER(N8)+w_onset*ISNUMBER(O8)+w_access*ISNUMBER(P8)))) -> 40.598291 | F8: =IF(ISNUMBER(E8),RANK(E8,$E$2:$E$300),"") -> 55 | G8: =IFERROR(IF(OR(INDEX(Species!$I$2:$I$300,$R8)="",INDEX(Species!$M$2:$M$300,$R8)=""),"",CHAR(MAX(CODE(INDEX(Species!$I$2:$I$300,$R8)),CODE(INDEX(Species!$M$2:$M$300,$R8))))),"") -> D | H8: =IFERROR(MID(IF(AND(ISNUMBER(INDEX(Species!$J$2:$J$300,$R8)),N(INDEX(Species!$J$2:$J$300,$R8))>1.5),"; LD50 sources differ "&TEXT(INDEX(Species!$J$2:$J$300,$R8),"0.0")&"x","")&IF(AND(INDEX(Species!$H$2:$H$300,$R8)<>"",INDEX(Species!$H$2:$H$300,$R8)<>"SC"),"; LD50 route "&INDEX(Species!$H$2:$H$300,$R8),"")&IF(INDEX(Species!$I$2:$I$300,$R8)="D","; LD50 Tier D","")&IF(AND(ISNUMBER(INDEX(Species!$N$2:$N$300,$R8)),N(INDEX(Species!$N$2:$N$300,$R8))>1.5),"; yield sources differ "&TEXT(INDEX(Species!$N$2:$N$300,$R8),"0.0")&"x","")&IF(INDEX(Species!$M$2:$M$300,$R8)="D","; yield Tier D",""),3,300),"") -> LD50 sources differ 6.4x; LD50 Tier D; yield sources differ 4.0x | I8: =IFERROR(INDEX(Species!$S$2:$S$300,$R8)&"","") | J8: =IFERROR(INDEX(Species!$T$2:$T$300,$R8)&"","") | K8: =IFERROR(MEDIAN(0,100*(LOG10(ld_least)-LOG10(INDEX(Species!$G$2:$G$300,$R8)))/(LOG10(ld_least)-LOG10(ld_most)),100),"") -> 95.278643 | L8: =IFERROR(MEDIAN(0,100*(LOG10(INDEX(Species!$L$2:$L$300,$R8))-LOG10(y_min))/(LOG10(y_max)-LOG10(y_min)),100),"") -> 67.402116 | M8: =IFERROR(IF(ISNUMBER(INDEX(Species!$O$2:$O$300,$R8)),ord_floor+(ord_ceil-ord_floor)*(INDEX(Species!$O$2:$O$300,$R8)-1)/9,""),"") -> 45.555556 | N8: =IFERROR(IF(ISNUMBER(INDEX(Species!$P$2:$P$300,$R8)),ord_floor+(ord_ceil-ord_floor)*(INDEX(Species!$P$2:$P$300,$R8)-1)/4,""),"") -> 70 | O8: =IFERROR(IF(ISNUMBER(INDEX(onset_ord,MATCH(INDEX(Species!$Q$2:$Q$300,$R8),onset_labels,0))),ord_floor+(ord_ceil-ord_floor)*(IF(onset_dir="mortality",6-INDEX(onset_ord,MATCH(INDEX(Species!$Q$2:$Q$300,$R8),onset_labels,0)),INDEX(onset_ord,MATCH(INDEX(Species!$Q$2:$Q$300,$R8),onset_labels,0)))-1)/4,""),"") -> 10 | P8: =IFERROR(IF(ISNUMBER(INDEX(access_ord,MATCH(INDEX(Species!$R$2:$R$300,$R8),access_labels,0))),ord_floor+(ord_ceil-ord_floor)*(INDEX(access_ord,MATCH(INDEX(Species!$R$2:$R$300,$R8),access_labels,0))-1)/4,""),"") -> 30 | Q8: =ISNUMBER(M8)*(w_enc>0)+ISNUMBER(N8)*(w_bite>0)+ISNUMBER(O8)*(w_onset>0)+ISNUMBER(P8)*(w_access>0) -> 4 | R8: =IFERROR(MATCH($A8,Species!$A$2:$A$300,0),"") -> 7
A9: Bitis arietans | B9: =IFERROR(INDEX(Species!$B$2:$B$300,$R9),"NOT IN SPECIES") -> Puff adder | C9: =IF(w_pot+w_qty<=0,"",IF(AND(OR(w_pot=0,ISNUMBER(K9)),OR(w_qty=0,ISNUMBER(L9))),(w_pot*N(K9)+w_qty*N(L9))/(w_pot*ISNUMBER(K9)+w_qty*ISNUMBER(L9)),IF(ISNUMBER(K9),"needs yield","needs LD50"))) -> 80.456325 | D9: =IF(ISNUMBER(C9),RANK(C9,$C$2:$C$300),"") -> 7 | E9: =IF(w_enc+w_bite+w_onset+w_access<=0,"",IF(Q9<min_dims,"insufficient data",(w_enc*N(M9)+w_bite*N(N9)+w_onset*N(O9)+w_access*N(P9))/(w_enc*ISNUMBER(M9)+w_bite*ISNUMBER(N9)+w_onset*ISNUMBER(O9)+w_access*ISNUMBER(P9)))) -> 72.735043 | F9: =IF(ISNUMBER(E9),RANK(E9,$E$2:$E$300),"") -> 3 | G9: =IFERROR(IF(OR(INDEX(Species!$I$2:$I$300,$R9)="",INDEX(Species!$M$2:$M$300,$R9)=""),"",CHAR(MAX(CODE(INDEX(Species!$I$2:$I$300,$R9)),CODE(INDEX(Species!$M$2:$M$300,$R9))))),"") -> C | H9: =IFERROR(MID(IF(AND(ISNUMBER(INDEX(Species!$J$2:$J$300,$R9)),N(INDEX(Species!$J$2:$J$300,$R9))>1.5),"; LD50 sources differ "&TEXT(INDEX(Species!$J$2:$J$300,$R9),"0.0")&"x","")&IF(AND(INDEX(Species!$H$2:$H$300,$R9)<>"",INDEX(Species!$H$2:$H$300,$R9)<>"SC"),"; LD50 route "&INDEX(Species!$H$2:$H$300,$R9),"")&IF(INDEX(Species!$I$2:$I$300,$R9)="D","; LD50 Tier D","")&IF(AND(ISNUMBER(INDEX(Species!$N$2:$N$300,$R9)),N(INDEX(Species!$N$2:$N$300,$R9))>1.5),"; yield sources differ "&TEXT(INDEX(Species!$N$2:$N$300,$R9),"0.0")&"x","")&IF(INDEX(Species!$M$2:$M$300,$R9)="D","; yield Tier D",""),3,300),"") | I9: =IFERROR(INDEX(Species!$S$2:$S$300,$R9)&"","") | J9: =IFERROR(INDEX(Species!$T$2:$T$300,$R9)&"","") | K9: =IFERROR(MEDIAN(0,100*(LOG10(ld_least)-LOG10(INDEX(Species!$G$2:$G$300,$R9)))/(LOG10(ld_least)-LOG10(ld_most)),100),"") -> 76.492898 | L9: =IFERROR(MEDIAN(0,100*(LOG10(INDEX(Species!$L$2:$L$300,$R9))-LOG10(y_min))/(LOG10(y_max)-LOG10(y_min)),100),"") -> 84.419752 | M9: =IFERROR(IF(ISNUMBER(INDEX(Species!$O$2:$O$300,$R9)),ord_floor+(ord_ceil-ord_floor)*(INDEX(Species!$O$2:$O$300,$R9)-1)/9,""),"") -> 81.111111 | N9: =IFERROR(IF(ISNUMBER(INDEX(Species!$P$2:$P$300,$R9)),ord_floor+(ord_ceil-ord_floor)*(INDEX(Species!$P$2:$P$300,$R9)-1)/4,""),"") -> 70 | O9: =IFERROR(IF(ISNUMBER(INDEX(onset_ord,MATCH(INDEX(Species!$Q$2:$Q$300,$R9),onset_labels,0))),ord_floor+(ord_ceil-ord_floor)*(IF(onset_dir="mortality",6-INDEX(onset_ord,MATCH(INDEX(Species!$Q$2:$Q$300,$R9),onset_labels,0)),INDEX(onset_ord,MATCH(INDEX(Species!$Q$2:$Q$300,$R9),onset_labels,0)))-1)/4,""),"") -> 90 | P9: =IFERROR(IF(ISNUMBER(INDEX(access_ord,MATCH(INDEX(Species!$R$2:$R$300,$R9),access_labels,0))),ord_floor+(ord_ceil-ord_floor)*(INDEX(access_ord,MATCH(INDEX(Species!$R$2:$R$300,$R9),access_labels,0))-1)/4,""),"") -> 30 | Q9: =ISNUMBER(M9)*(w_enc>0)+ISNUMBER(N9)*(w_bite>0)+ISNUMBER(O9)*(w_onset>0)+ISNUMBER(P9)*(w_access>0) -> 4 | R9: =IFERROR(MATCH($A9,Species!$A$2:$A$300,0),"") -> 6
A10: Naja kaouthia | B10: =IFERROR(INDEX(Species!$B$2:$B$300,$R10),"NOT IN SPECIES") -> Monocled cobra | C10: =IF(w_pot+w_qty<=0,"",IF(AND(OR(w_pot=0,ISNUMBER(K10)),OR(w_qty=0,ISNUMBER(L10))),(w_pot*N(K10)+w_qty*N(L10))/(w_pot*ISNUMBER(K10)+w_qty*ISNUMBER(L10)),IF(ISNUMBER(K10),"needs yield","needs LD50"))) -> 79.78889 | D10: =IF(ISNUMBER(C10),RANK(C10,$C$2:$C$300),"") -> 8 | E10: =IF(w_enc+w_bite+w_onset+w_access<=0,"",IF(Q10<min_dims,"insufficient data",(w_enc*N(M10)+w_bite*N(N10)+w_onset*N(O10)+w_access*N(P10))/(w_enc*ISNUMBER(M10)+w_bite*ISNUMBER(N10)+w_onset*ISNUMBER(O10)+w_access*ISNUMBER(P10)))) -> 47.435897 | F10: =IF(ISNUMBER(E10),RANK(E10,$E$2:$E$300),"") -> 32 | G10: =IFERROR(IF(OR(INDEX(Species!$I$2:$I$300,$R10)="",INDEX(Species!$M$2:$M$300,$R10)=""),"",CHAR(MAX(CODE(INDEX(Species!$I$2:$I$300,$R10)),CODE(INDEX(Species!$M$2:$M$300,$R10))))),"") -> C | H10: =IFERROR(MID(IF(AND(ISNUMBER(INDEX(Species!$J$2:$J$300,$R10)),N(INDEX(Species!$J$2:$J$300,$R10))>1.5),"; LD50 sources differ "&TEXT(INDEX(Species!$J$2:$J$300,$R10),"0.0")&"x","")&IF(AND(INDEX(Species!$H$2:$H$300,$R10)<>"",INDEX(Species!$H$2:$H$300,$R10)<>"SC"),"; LD50 route "&INDEX(Species!$H$2:$H$300,$R10),"")&IF(INDEX(Species!$I$2:$I$300,$R10)="D","; LD50 Tier D","")&IF(AND(ISNUMBER(INDEX(Species!$N$2:$N$300,$R10)),N(INDEX(Species!$N$2:$N$300,$R10))>1.5),"; yield sources differ "&TEXT(INDEX(Species!$N$2:$N$300,$R10),"0.0")&"x","")&IF(INDEX(Species!$M$2:$M$300,$R10)="D","; yield Tier D",""),3,300),"") -> LD50 route IP | I10: =IFERROR(INDEX(Species!$S$2:$S$300,$R10)&"","") | J10: =IFERROR(INDEX(Species!$T$2:$T$300,$R10)&"","") | K10: =IFERROR(MEDIAN(0,100*(LOG10(ld_least)-LOG10(INDEX(Species!$G$2:$G$300,$R10)))/(LOG10(ld_least)-LOG10(ld_most)),100),"") -> 67.836256 | L10: =IFERROR(MEDIAN(0,100*(LOG10(INDEX(Species!$L$2:$L$300,$R10))-LOG10(y_min))/(LOG10(y_max)-LOG10(y_min)),100),"") -> 91.741525 | M10: =IFERROR(IF(ISNUMBER(INDEX(Species!$O$2:$O$300,$R10)),ord_floor+(ord_ceil-ord_floor)*(INDEX(Species!$O$2:$O$300,$R10)-1)/9,""),"") -> 63.333333 | N10: =IFERROR(IF(ISNUMBER(INDEX(Species!$P$2:$P$300,$R10)),ord_floor+(ord_ceil-ord_floor)*(INDEX(Species!$P$2:$P$300,$R10)-1)/4,""),"") -> 50 | O10: =IFERROR(IF(ISNUMBER(INDEX(onset_ord,MATCH(INDEX(Species!$Q$2:$Q$300,$R10),onset_labels,0))),ord_floor+(ord_ceil-ord_floor)*(IF(onset_dir="mortality",6-INDEX(onset_ord,MATCH(INDEX(Species!$Q$2:$Q$300,$R10),onset_labels,0)),INDEX(onset_ord,MATCH(INDEX(Species!$Q$2:$Q$300,$R10),onset_labels,0)))-1)/4,""),"") -> 30 | P10: =IFERROR(IF(ISNUMBER(INDEX(access_ord,MATCH(INDEX(Species!$R$2:$R$300,$R10),access_labels,0))),ord_floor+(ord_ceil-ord_floor)*(INDEX(access_ord,MATCH(INDEX(Species!$R$2:$R$300,$R10),access_labels,0))-1)/4,""),"") -> 30 | Q10: =ISNUMBER(M10)*(w_enc>0)+ISNUMBER(N10)*(w_bite>0)+ISNUMBER(O10)*(w_onset>0)+ISNUMBER(P10)*(w_access>0) -> 4 | R10: =IFERROR(MATCH($A10,Species!$A$2:$A$300,0),"") -> 76
A11: Notechis scutatus | B11: =IFERROR(INDEX(Species!$B$2:$B$300,$R11),"NOT IN SPECIES") -> Tiger snake | C11: =IF(w_pot+w_qty<=0,"",IF(AND(OR(w_pot=0,ISNUMBER(K11)),OR(w_qty=0,ISNUMBER(L11))),(w_pot*N(K11)+w_qty*N(L11))/(w_pot*ISNUMBER(K11)+w_qty*ISNUMBER(L11)),IF(ISNUMBER(K11),"needs yield","needs LD50"))) -> 77.830754 | D11: =IF(ISNUMBER(C11),RANK(C11,$C$2:$C$300),"") -> 10 | E11: =IF(w_enc+w_bite+w_onset+w_access<=0,"",IF(Q11<min_dims,"insufficient data",(w_enc*N(M11)+w_bite*N(N11)+w_onset*N(O11)+w_access*N(P11))/(w_enc*ISNUMBER(M11)+w_bite*ISNUMBER(N11)+w_onset*ISNUMBER(O11)+w_access*ISNUMBER(P11)))) -> 37.521368 | F11: =IF(ISNUMBER(E11),RANK(E11,$E$2:$E$300),"") -> 63 | G11: =IFERROR(IF(OR(INDEX(Species!$I$2:$I$300,$R11)="",INDEX(Species!$M$2:$M$300,$R11)=""),"",CHAR(MAX(CODE(INDEX(Species!$I$2:$I$300,$R11)),CODE(INDEX(Species!$M$2:$M$300,$R11))))),"") -> C | H11: =IFERROR(MID(IF(AND(ISNUMBER(INDEX(Species!$J$2:$J$300,$R11)),N(INDEX(Species!$J$2:$J$300,$R11))>1.5),"; LD50 sources differ "&TEXT(INDEX(Species!$J$2:$J$300,$R11),"0.0")&"x","")&IF(AND(INDEX(Species!$H$2:$H$300,$R11)<>"",INDEX(Species!$H$2:$H$300,$R11)<>"SC"),"; LD50 route "&INDEX(Species!$H$2:$H$300,$R11),"")&IF(INDEX(Species!$I$2:$I$300,$R11)="D","; LD50 Tier D","")&IF(AND(ISNUMBER(INDEX(Species!$N$2:$N$300,$R11)),N(INDEX(Species!$N$2:$N$300,$R11))>1.5),"; yield sources differ "&TEXT(INDEX(Species!$N$2:$N$300,$R11),"0.0")&"x","")&IF(INDEX(Species!$M$2:$M$300,$R11)="D","; yield Tier D",""),3,300),"") | I11: =IFERROR(INDEX(Species!$S$2:$S$300,$R11)&"","") -> 0.4 (Australia 2005-2015, tiger snakes) | J11: =IFERROR(INDEX(Species!$T$2:$T$300,$R11)&"","") | K11: =IFERROR(MEDIAN(0,100*(LOG10(ld_least)-LOG10(INDEX(Species!$G$2:$G$300,$R11)))/(LOG10(ld_least)-LOG10(ld_most)),100),"") -> 79.612079 | L11: =IFERROR(MEDIAN(0,100*(LOG10(INDEX(Species!$L$2:$L$300,$R11))-LOG10(y_min))/(LOG10(y_max)-LOG10(y_min)),100),"") -> 76.049428 | M11: =IFERROR(IF(ISNUMBER(INDEX(Species!$O$2:$O$300,$R11)),ord_floor+(ord_ceil-ord_floor)*(INDEX(Species!$O$2:$O$300,$R11)-1)/9,""),"") -> 45.555556 | N11: =IFERROR(IF(ISNUMBER(INDEX(Species!$P$2:$P$300,$R11)),ord_floor+(ord_ceil-ord_floor)*(INDEX(Species!$P$2:$P$300,$R11)-1)/4,""),"") -> 50 | O11: =IFERROR(IF(ISNUMBER(INDEX(onset_ord,MATCH(INDEX(Species!$Q$2:$Q$300,$R11),onset_labels,0))),ord_floor+(ord_ceil-ord_floor)*(IF(onset_dir="mortality",6-INDEX(onset_ord,MATCH(INDEX(Species!$Q$2:$Q$300,$R11),onset_labels,0)),INDEX(onset_ord,MATCH(INDEX(Species!$Q$2:$Q$300,$R11),onset_labels,0)))-1)/4,""),"") -> 30 | P11: =IFERROR(IF(ISNUMBER(INDEX(access_ord,MATCH(INDEX(Species!$R$2:$R$300,$R11),access_labels,0))),ord_floor+(ord_ceil-ord_floor)*(INDEX(access_ord,MATCH(INDEX(Species!$R$2:$R$300,$R11),access_labels,0))-1)/4,""),"") -> 10 | Q11: =ISNUMBER(M11)*(w_enc>0)+ISNUMBER(N11)*(w_bite>0)+ISNUMBER(O11)*(w_onset>0)+ISNUMBER(P11)*(w_access>0) -> 4 | R11: =IFERROR(MATCH($A11,Species!$A$2:$A$300,0),"") -> 9
A12: Pseudonaja textilis | B12: =IFERROR(INDEX(Species!$B$2:$B$300,$R12),"NOT IN SPECIES") -> Eastern brown snake | C12: =IF(w_pot+w_qty<=0,"",IF(AND(OR(w_pot=0,ISNUMBER(K12)),OR(w_qty=0,ISNUMBER(L12))),(w_pot*N(K12)+w_qty*N(L12))/(w_pot*ISNUMBER(K12)+w_qty*ISNUMBER(L12)),IF(ISNUMBER(K12),"needs yield","needs LD50"))) -> 78.088751 | D12: =IF(ISNUMBER(C12),RANK(C12,$C$2:$C$300),"") -> 9 | E12: =IF(w_enc+w_bite+w_onset+w_access<=0,"",IF(Q12<min_dims,"insufficient data",(w_enc*N(M12)+w_bite*N(N12)+w_onset*N(O12)+w_access*N(P12))/(w_enc*ISNUMBER(M12)+w_bite*ISNUMBER(N12)+w_onset*ISNUMBER(O12)+w_access*ISNUMBER(P12)))) -> 55.811966 | F12: =IF(ISNUMBER(E12),RANK(E12,$E$2:$E$300),"") -> 14 | G12: =IFERROR(IF(OR(INDEX(Species!$I$2:$I$300,$R12)="",INDEX(Species!$M$2:$M$300,$R12)=""),"",CHAR(MAX(CODE(INDEX(Species!$I$2:$I$300,$R12)),CODE(INDEX(Species!$M$2:$M$300,$R12))))),"") -> C | H12: =IFERROR(MID(IF(AND(ISNUMBER(INDEX(Species!$J$2:$J$300,$R12)),N(INDEX(Species!$J$2:$J$300,$R12))>1.5),"; LD50 sources differ "&TEXT(INDEX(Species!$J$2:$J$300,$R12),"0.0")&"x","")&IF(AND(INDEX(Species!$H$2:$H$300,$R12)<>"",INDEX(Species!$H$2:$H$300,$R12)<>"SC"),"; LD50 route "&INDEX(Species!$H$2:$H$300,$R12),"")&IF(INDEX(Species!$I$2:$I$300,$R12)="D","; LD50 Tier D","")&IF(AND(ISNUMBER(INDEX(Species!$N$2:$N$300,$R12)),N(INDEX(Species!$N$2:$N$300,$R12))>1.5),"; yield sources differ "&TEXT(INDEX(Species!$N$2:$N$300,$R12),"0.0")&"x","")&IF(INDEX(Species!$M$2:$M$300,$R12)="D","; yield Tier D",""),3,300),"") | I12: =IFERROR(INDEX(Species!$S$2:$S$300,$R12)&"","") -> 1.7 (Australia 2005-2015, all brown snakes) | J12: =IFERROR(INDEX(Species!$T$2:$T$300,$R12)&"","") | K12: =IFERROR(MEDIAN(0,100*(LOG10(ld_least)-LOG10(INDEX(Species!$G$2:$G$300,$R12)))/(LOG10(ld_least)-LOG10(ld_most)),100),"") -> 94.215507 | L12: =IFERROR(MEDIAN(0,100*(LOG10(INDEX(Species!$L$2:$L$300,$R12))-LOG10(y_min))/(LOG10(y_max)-LOG10(y_min)),100),"") -> 61.961995 | M12: =IFERROR(IF(ISNUMBER(INDEX(Species!$O$2:$O$300,$R12)),ord_floor+(ord_ceil-ord_floor)*(INDEX(Species!$O$2:$O$300,$R12)-1)/9,""),"") -> 81.111111 | N12: =IFERROR(IF(ISNUMBER(INDEX(Species!$P$2:$P$300,$R12)),ord_floor+(ord_ceil-ord_floor)*(INDEX(Species!$P$2:$P$300,$R12)-1)/4,""),"") -> 90 | O12: =IFERROR(IF(ISNUMBER(INDEX(onset_ord,MATCH(INDEX(Species!$Q$2:$Q$300,$R12),onset_labels,0))),ord_floor+(ord_ceil-ord_floor)*(IF(onset_dir="mortality",6-INDEX(onset_ord,MATCH(INDEX(Species!$Q$2:$Q$300,$R12),onset_labels,0)),INDEX(onset_ord,MATCH(INDEX(Species!$Q$2:$Q$300,$R12),onset_labels,0)))-1)/4,""),"") -> 10 | P12: =IFERROR(IF(ISNUMBER(INDEX(access_ord,MATCH(INDEX(Species!$R$2:$R$300,$R12),access_labels,0))),ord_floor+(ord_ceil-ord_floor)*(INDEX(access_ord,MATCH(INDEX(Species!$R$2:$R$300,$R12),access_labels,0))-1)/4,""),"") -> 10 | Q12: =ISNUMBER(M12)*(w_enc>0)+ISNUMBER(N12)*(w_bite>0)+ISNUMBER(O12)*(w_onset>0)+ISNUMBER(P12)*(w_access>0) -> 4 | R12: =IFERROR(MATCH($A12,Species!$A$2:$A$300,0),"") -> 10
A13: Naja haje | B13: =IFERROR(INDEX(Species!$B$2:$B$300,$R13),"NOT IN SPECIES") -> Egyptian cobra | C13: =IF(w_pot+w_qty<=0,"",IF(AND(OR(w_pot=0,ISNUMBER(K13)),OR(w_qty=0,ISNUMBER(L13))),(w_pot*N(K13)+w_qty*N(L13))/(w_pot*ISNUMBER(K13)+w_qty*ISNUMBER(L13)),IF(ISNUMBER(K13),"needs yield","needs LD50"))) -> 76.623433 | D13: =IF(ISNUMBER(C13),RANK(C13,$C$2:$C$300),"") -> 11 | E13: =IF(w_enc+w_bite+w_onset+w_access<=0,"",IF(Q13<min_dims,"insufficient data",(w_enc*N(M13)+w_bite*N(N13)+w_onset*N(O13)+w_access*N(P13))/(w_enc*ISNUMBER(M13)+w_bite*ISNUMBER(N13)+w_onset*ISNUMBER(O13)+w_access*ISNUMBER(P13)))) -> 48.632479 | F13: =IF(ISNUMBER(E13),RANK(E13,$E$2:$E$300),"") -> 28 | G13: =IFERROR(IF(OR(INDEX(Species!$I$2:$I$300,$R13)="",INDEX(Species!$M$2:$M$300,$R13)=""),"",CHAR(MAX(CODE(INDEX(Species!$I$2:$I$300,$R13)),CODE(INDEX(Species!$M$2:$M$300,$R13))))),"") -> C | H13: =IFERROR(MID(IF(AND(ISNUMBER(INDEX(Species!$J$2:$J$300,$R13)),N(INDEX(Species!$J$2:$J$300,$R13))>1.5),"; LD50 sources differ "&TEXT(INDEX(Species!$J$2:$J$300,$R13),"0.0")&"x","")&IF(AND(INDEX(Species!$H$2:$H$300,$R13)<>"",INDEX(Species!$H$2:$H$300,$R13)<>"SC"),"; LD50 route "&INDEX(Species!$H$2:$H$300,$R13),"")&IF(INDEX(Species!$I$2:$I$300,$R13)="D","; LD50 Tier D","")&IF(AND(ISNUMBER(INDEX(Species!$N$2:$N$300,$R13)),N(INDEX(Species!$N$2:$N$300,$R13))>1.5),"; yield sources differ "&TEXT(INDEX(Species!$N$2:$N$300,$R13),"0.0")&"x","")&IF(INDEX(Species!$M$2:$M$300,$R13)="D","; yield Tier D",""),3,300),"") | I13: =IFERROR(INDEX(Species!$S$2:$S$300,$R13)&"","") | J13: =IFERROR(INDEX(Species!$T$2:$T$300,$R13)&"","") | K13: =IFERROR(MEDIAN(0,100*(LOG10(ld_least)-LOG10(INDEX(Species!$G$2:$G$300,$R13)))/(LOG10(ld_least)-LOG10(ld_most)),100),"") -> 70.921109 | L13: =IFERROR(MEDIAN(0,100*(LOG10(INDEX(Species!$L$2:$L$300,$R13))-LOG10(y_min))/(LOG10(y_max)-LOG10(y_min)),100),"") -> 82.325756 | M13: =IFERROR(IF(ISNUMBER(INDEX(Species!$O$2:$O$300,$R13)),ord_floor+(ord_ceil-ord_floor)*(INDEX(Species!$O$2:$O$300,$R13)-1)/9,""),"") -> 54.444444 | N13: =IFERROR(IF(ISNUMBER(INDEX(Species!$P$2:$P$300,$R13)),ord_floor+(ord_ceil-ord_floor)*(INDEX(Species!$P$2:$P$300,$R13)-1)/4,""),"") -> 70 | O13: =IFERROR(IF(ISNUMBER(INDEX(onset_ord,MATCH(INDEX(Species!$Q$2:$Q$300,$R13),onset_labels,0))),ord_floor+(ord_ceil-ord_floor)*(IF(onset_dir="mortality",6-INDEX(onset_ord,MATCH(INDEX(Species!$Q$2:$Q$300,$R13),onset_labels,0)),INDEX(onset_ord,MATCH(INDEX(Species!$Q$2:$Q$300,$R13),onset_labels,0)))-1)/4,""),"") -> 30 | P13: =IFERROR(IF(ISNUMBER(INDEX(access_ord,MATCH(INDEX(Species!$R$2:$R$300,$R13),access_labels,0))),ord_floor+(ord_ceil-ord_floor)*(INDEX(access_ord,MATCH(INDEX(Species!$R$2:$R$300,$R13),access_labels,0))-1)/4,""),"") -> 30 | Q13: =ISNUMBER(M13)*(w_enc>0)+ISNUMBER(N13)*(w_bite>0)+ISNUMBER(O13)*(w_onset>0)+ISNUMBER(P13)*(w_access>0) -> 4 | R13: =IFERROR(MATCH($A13,Species!$A$2:$A$300,0),"") -> 8
... A95: Vipera ammodytes | B95: =IFERROR(INDEX(Species!$B$2:$B$300,$R95),"NOT IN SPECIES") -> Nose-horned viper | C95: =IF(w_pot+w_qty<=0,"",IF(AND(OR(w_pot=0,ISNUMBER(K95)),OR(w_qty=0,ISNUMBER(L95))),(w_pot*N(K95)+w_qty*N(L95))/(w_pot*ISNUMBER(K95)+w_qty*ISNUMBER(L95)),IF(ISNUMBER(K95),"needs yield","needs LD50"))) -> 55.283576 | D95: =IF(ISNUMBER(C95),RANK(C95,$C$2:$C$300),"") -> 49 | E95: =IF(w_enc+w_bite+w_onset+w_access<=0,"",IF(Q95<min_dims,"insufficient data",(w_enc*N(M95)+w_bite*N(N95)+w_onset*N(O95)+w_access*N(P95))/(w_enc*ISNUMBER(M95)+w_bite*ISNUMBER(N95)+w_onset*ISNUMBER(O95)+w_access*ISNUMBER(P95)))) -> 54.786325 | F95: =IF(ISNUMBER(E95),RANK(E95,$E$2:$E$300),"") -> 16 | G95: =IFERROR(IF(OR(INDEX(Species!$I$2:$I$300,$R95)="",INDEX(Species!$M$2:$M$300,$R95)=""),"",CHAR(MAX(CODE(INDEX(Species!$I$2:$I$300,$R95)),CODE(INDEX(Species!$M$2:$M$300,$R95))))),"") -> C | H95: =IFERROR(MID(IF(AND(ISNUMBER(INDEX(Species!$J$2:$J$300,$R95)),N(INDEX(Species!$J$2:$J$300,$R95))>1.5),"; LD50 sources differ "&TEXT(INDEX(Species!$J$2:$J$300,$R95),"0.0")&"x","")&IF(AND(INDEX(Species!$H$2:$H$300,$R95)<>"",INDEX(Species!$H$2:$H$300,$R95)<>"SC"),"; LD50 route "&INDEX(Species!$H$2:$H$300,$R95),"")&IF(INDEX(Species!$I$2:$I$300,$R95)="D","; LD50 Tier D","")&IF(AND(ISNUMBER(INDEX(Species!$N$2:$N$300,$R95)),N(INDEX(Species!$N$2:$N$300,$R95))>1.5),"; yield sources differ "&TEXT(INDEX(Species!$N$2:$N$300,$R95),"0.0")&"x","")&IF(INDEX(Species!$M$2:$M$300,$R95)="D","; yield Tier D",""),3,300),"") | I95: =IFERROR(INDEX(Species!$S$2:$S$300,$R95)&"","") | J95: =IFERROR(INDEX(Species!$T$2:$T$300,$R95)&"","") | K95: =IFERROR(MEDIAN(0,100*(LOG10(ld_least)-LOG10(INDEX(Species!$G$2:$G$300,$R95)))/(LOG10(ld_least)-LOG10(ld_most)),100),"") -> 54.012031 | L95: =IFERROR(MEDIAN(0,100*(LOG10(INDEX(Species!$L$2:$L$300,$R95))-LOG10(y_min))/(LOG10(y_max)-LOG10(y_min)),100),"") -> 56.555121 | M95: =IFERROR(IF(ISNUMBER(INDEX(Species!$O$2:$O$300,$R95)),ord_floor+(ord_ceil-ord_floor)*(INDEX(Species!$O$2:$O$300,$R95)-1)/9,""),"") -> 54.444444 | N95: =IFERROR(IF(ISNUMBER(INDEX(Species!$P$2:$P$300,$R95)),ord_floor+(ord_ceil-ord_floor)*(INDEX(Species!$P$2:$P$300,$R95)-1)/4,""),"") -> 50 | O95: =IFERROR(IF(ISNUMBER(INDEX(onset_ord,MATCH(INDEX(Species!$Q$2:$Q$300,$R95),onset_labels,0))),ord_floor+(ord_ceil-ord_floor)*(IF(onset_dir="mortality",6-INDEX(onset_ord,MATCH(INDEX(Species!$Q$2:$Q$300,$R95),onset_labels,0)),INDEX(onset_ord,MATCH(INDEX(Species!$Q$2:$Q$300,$R95),onset_labels,0)))-1)/4,""),"") -> 90 | P95: =IFERROR(IF(ISNUMBER(INDEX(access_ord,MATCH(INDEX(Species!$R$2:$R$300,$R95),access_labels,0))),ord_floor+(ord_ceil-ord_floor)*(INDEX(access_ord,MATCH(INDEX(Species!$R$2:$R$300,$R95),access_labels,0))-1)/4,""),"") -> 10 | Q95: =ISNUMBER(M95)*(w_enc>0)+ISNUMBER(N95)*(w_bite>0)+ISNUMBER(O95)*(w_onset>0)+ISNUMBER(P95)*(w_access>0) -> 4 | R95: =IFERROR(MATCH($A95,Species!$A$2:$A$300,0),"") -> 88

Sheet Combined
A1: Scientific name | B1: Common name | C1: Other common names | D1: LD50 used (mg/kg) | E1: Yield max (mg) | F1: VENOM HAZARD (0-100) | G1: Encounter (10-90) | H1: Bite propensity (10-90) | I1: Onset (10-90) | J1: Antivenom access (10-90) | K1: HUMAN RISK (0-100) | L1: COMBINED (0-100) | M1: Combined rank | N1: Scores row | O1: Species row
A2: Daboia russelii | B2: =IFERROR(INDEX(Species!$B$2:$B$300,$O2),"NOT IN SPECIES") -> Russell's viper | C2: =IFERROR(INDEX(Species!$C$2:$C$300,$O2)&"","") -> Chain viper; Daboia | D2: =IFERROR(INDEX(Species!$G$2:$G$300,$O2),"") -> 0.03 | E2: =IFERROR(INDEX(Species!$L$2:$L$300,$O2),"") -> 250 | F2: =IFERROR(INDEX(Scores!$C$2:$C$300,$N2),"") -> 89.924543 | G2: =IFERROR(INDEX(Scores!$M$2:$M$300,$N2),"") -> 90 | H2: =IFERROR(INDEX(Scores!$N$2:$N$300,$N2),"") -> 90 | I2: =IFERROR(INDEX(Scores!$O$2:$O$300,$N2),"") -> 70 | J2: =IFERROR(INDEX(Scores!$P$2:$P$300,$N2),"") -> 10 | K2: =IFERROR(INDEX(Scores!$E$2:$E$300,$N2),"") -> 73.076923 | L2: =IF(w_haz+w_risk<=0,"",IF(AND(OR(w_haz=0,ISNUMBER(F2)),OR(w_risk=0,ISNUMBER(K2))),(w_haz*N(F2)+w_risk*N(K2))/(w_haz*ISNUMBER(F2)+w_risk*ISNUMBER(K2)),IF(ISNUMBER(F2),"needs Human Risk",IF(ISNUMBER(K2),"needs Venom Hazard","needs both")))) -> 81.500733 | M2: =IF(ISNUMBER(L2),RANK(L2,$L$2:$L$300),"") -> 1 | N2: =IFERROR(MATCH($A2,Scores!$A$2:$A$300,0),"") -> 1 | O2: =IFERROR(MATCH($A2,Species!$A$2:$A$300,0),"") -> 1
A3: Bitis arietans | B3: =IFERROR(INDEX(Species!$B$2:$B$300,$O3),"NOT IN SPECIES") -> Puff adder | C3: =IFERROR(INDEX(Species!$C$2:$C$300,$O3)&"","") | D3: =IFERROR(INDEX(Species!$G$2:$G$300,$O3),"") -> 0.14 | E3: =IFERROR(INDEX(Species!$L$2:$L$300,$O3),"") -> 350 | F3: =IFERROR(INDEX(Scores!$C$2:$C$300,$N3),"") -> 80.456325 | G3: =IFERROR(INDEX(Scores!$M$2:$M$300,$N3),"") -> 81.111111 | H3: =IFERROR(INDEX(Scores!$N$2:$N$300,$N3),"") -> 70 | I3: =IFERROR(INDEX(Scores!$O$2:$O$300,$N3),"") -> 90 | J3: =IFERROR(INDEX(Scores!$P$2:$P$300,$N3),"") -> 30 | K3: =IFERROR(INDEX(Scores!$E$2:$E$300,$N3),"") -> 72.735043 | L3: =IF(w_haz+w_risk<=0,"",IF(AND(OR(w_haz=0,ISNUMBER(F3)),OR(w_risk=0,ISNUMBER(K3))),(w_haz*N(F3)+w_risk*N(K3))/(w_haz*ISNUMBER(F3)+w_risk*ISNUMBER(K3)),IF(ISNUMBER(F3),"needs Human Risk",IF(ISNUMBER(K3),"needs Venom Hazard","needs both")))) -> 76.595684 | M3: =IF(ISNUMBER(L3),RANK(L3,$L$2:$L$300),"") -> 2 | N3: =IFERROR(MATCH($A3,Scores!$A$2:$A$300,0),"") -> 8 | O3: =IFERROR(MATCH($A3,Species!$A$2:$A$300,0),"") -> 6
A4: Echis carinatus | B4: =IFERROR(INDEX(Species!$B$2:$B$300,$O4),"NOT IN SPECIES") -> Saw-scaled viper | C4: =IFERROR(INDEX(Species!$C$2:$C$300,$O4)&"","") -> Indian saw-scaled viper | D4: =IFERROR(INDEX(Species!$G$2:$G$300,$O4),"") -> 0.15 | E4: =IFERROR(INDEX(Species!$L$2:$L$300,$O4),"") -> 70 | F4: =IFERROR(INDEX(Scores!$C$2:$C$300,$N4),"") -> 68.895557 | G4: =IFERROR(INDEX(Scores!$M$2:$M$300,$N4),"") -> 90 | H4: =IFERROR(INDEX(Scores!$N$2:$N$300,$N4),"") -> 90 | I4: =IFERROR(INDEX(Scores!$O$2:$O$300,$N4),"") -> 90 | J4: =IFERROR(INDEX(Scores!$P$2:$P$300,$N4),"") -> 10 | K4: =IFERROR(INDEX(Scores!$E$2:$E$300,$N4),"") -> 77.692308 | L4: =IF(w_haz+w_risk<=0,"",IF(AND(OR(w_haz=0,ISNUMBER(F4)),OR(w_risk=0,ISNUMBER(K4))),(w_haz*N(F4)+w_risk*N(K4))/(w_haz*ISNUMBER(F4)+w_risk*ISNUMBER(K4)),IF(ISNUMBER(F4),"needs Human Risk",IF(ISNUMBER(K4),"needs Venom Hazard","needs both")))) -> 73.293932 | M4: =IF(ISNUMBER(L4),RANK(L4,$L$2:$L$300),"") -> 3 | N4: =IFERROR(MATCH($A4,Scores!$A$2:$A$300,0),"") -> 22 | O4: =IFERROR(MATCH($A4,Species!$A$2:$A$300,0),"") -> 19
A5: Bothrops asper | B5: =IFERROR(INDEX(Species!$B$2:$B$300,$O5),"NOT IN SPECIES") -> Terciopelo | C5: =IFERROR(INDEX(Species!$C$2:$C$300,$O5)&"","") -> Fer-de-lance; Barba amarilla | D5: =IFERROR(INDEX(Species!$G$2:$G$300,$O5),"") -> 1.1 | E5: =IFERROR(INDEX(Species!$L$2:$L$300,$O5),"") -> 310 | F5: =IFERROR(INDEX(Scores!$C$2:$C$300,$N5),"") -> 60.826366 | G5: =IFERROR(INDEX(Scores!$M$2:$M$300,$N5),"") -> 81.111111 | H5: =IFERROR(INDEX(Scores!$N$2:$N$300,$N5),"") -> 90 | I5: =IFERROR(INDEX(Scores!$O$2:$O$300,$N5),"") -> 70 | J5: =IFERROR(INDEX(Scores!$P$2:$P$300,$N5),"") -> 30 | K5: =IFERROR(INDEX(Scores!$E$2:$E$300,$N5),"") -> 72.735043 | L5: =IF(w_haz+w_risk<=0,"",IF(AND(OR(w_haz=0,ISNUMBER(F5)),OR(w_risk=0,ISNUMBER(K5))),(w_haz*N(F5)+w_risk*N(K5))/(w_haz*ISNUMBER(F5)+w_risk*ISNUMBER(K5)),IF(ISNUMBER(F5),"needs Human Risk",IF(ISNUMBER(K5),"needs Venom Hazard","needs both")))) -> 66.780704 | M5: =IF(ISNUMBER(L5),RANK(L5,$L$2:$L$300),"") -> 5 | N5: =IFERROR(MATCH($A5,Scores!$A$2:$A$300,0),"") -> 34 | O5: =IFERROR(MATCH($A5,Species!$A$2:$A$300,0),"") -> 23
A6: Pseudonaja textilis | B6: =IFERROR(INDEX(Species!$B$2:$B$300,$O6),"NOT IN SPECIES") -> Eastern brown snake | C6: =IFERROR(INDEX(Species!$C$2:$C$300,$O6)&"","") -> Common brown snake | D6: =IFERROR(INDEX(Species!$G$2:$G$300,$O6),"") -> 0.053 | E6: =IFERROR(INDEX(Species!$L$2:$L$300,$O6),"") -> 67 | F6: =IFERROR(INDEX(Scores!$C$2:$C$300,$N6),"") -> 78.088751 | G6: =IFERROR(INDEX(Scores!$M$2:$M$300,$N6),"") -> 81.111111 | H6: =IFERROR(INDEX(Scores!$N$2:$N$300,$N6),"") -> 90 | I6: =IFERROR(INDEX(Scores!$O$2:$O$300,$N6),"") -> 10 | J6: =IFERROR(INDEX(Scores!$P$2:$P$300,$N6),"") -> 10 | K6: =IFERROR(INDEX(Scores!$E$2:$E$300,$N6),"") -> 55.811966 | L6: =IF(w_haz+w_risk<=0,"",IF(AND(OR(w_haz=0,ISNUMBER(F6)),OR(w_risk=0,ISNUMBER(K6))),(w_haz*N(F6)+w_risk*N(K6))/(w_haz*ISNUMBER(F6)+w_risk*ISNUMBER(K6)),IF(ISNUMBER(F6),"needs Human Risk",IF(ISNUMBER(K6),"needs Venom Hazard","needs both")))) -> 66.950359 | M6: =IF(ISNUMBER(L6),RANK(L6,$L$2:$L$300),"") -> 4 | N6: =IFERROR(MATCH($A6,Scores!$A$2:$A$300,0),"") -> 11 | O6: =IFERROR(MATCH($A6,Species!$A$2:$A$300,0),"") -> 10
A7: Bothrops atrox | B7: =IFERROR(INDEX(Species!$B$2:$B$300,$O7),"NOT IN SPECIES") -> Common lancehead | C7: =IFERROR(INDEX(Species!$C$2:$C$300,$O7)&"","") -> Fer-de-lance; Barba amarilla | D7: =IFERROR(INDEX(Species!$G$2:$G$300,$O7),"") -> 0.35 | E7: =IFERROR(INDEX(Species!$L$2:$L$300,$O7),"") -> 200 | F7: =IFERROR(INDEX(Scores!$C$2:$C$300,$N7),"") -> 68.296378 | G7: =IFERROR(INDEX(Scores!$M$2:$M$300,$N7),"") -> 72.222222 | H7: =IFERROR(INDEX(Scores!$N$2:$N$300,$N7),"") -> 70 | I7: =IFERROR(INDEX(Scores!$O$2:$O$300,$N7),"") -> 70 | J7: =IFERROR(INDEX(Scores!$P$2:$P$300,$N7),"") -> 30 | K7: =IFERROR(INDEX(Scores!$E$2:$E$300,$N7),"") -> 64.700855 | L7: =IF(w_haz+w_risk<=0,"",IF(AND(OR(w_haz=0,ISNUMBER(F7)),OR(w_risk=0,ISNUMBER(K7))),(w_haz*N(F7)+w_risk*N(K7))/(w_haz*ISNUMBER(F7)+w_risk*ISNUMBER(K7)),IF(ISNUMBER(F7),"needs Human Risk",IF(ISNUMBER(K7),"needs Venom Hazard","needs both")))) -> 66.498616 | M7: =IF(ISNUMBER(L7),RANK(L7,$L$2:$L$300),"") -> 6 | N7: =IFERROR(MATCH($A7,Scores!$A$2:$A$300,0),"") -> 23 | O7: =IFERROR(MATCH($A7,Species!$A$2:$A$300,0),"") -> 84
A8: Naja kaouthia | B8: =IFERROR(INDEX(Species!$B$2:$B$300,$O8),"NOT IN SPECIES") -> Monocled cobra | C8: =IFERROR(INDEX(Species!$C$2:$C$300,$O8)&"","") -> Monocellate cobra | D8: =IFERROR(INDEX(Species!$G$2:$G$300,$O8),"") -> 0.225 | E8: =IFERROR(INDEX(Species!$L$2:$L$300,$O8),"") -> 600 | F8: =IFERROR(INDEX(Scores!$C$2:$C$300,$N8),"") -> 79.78889 | G8: =IFERROR(INDEX(Scores!$M$2:$M$300,$N8),"") -> 63.333333 | H8: =IFERROR(INDEX(Scores!$N$2:$N$300,$N8),"") -> 50 | I8: =IFERROR(INDEX(Scores!$O$2:$O$300,$N8),"") -> 30 | J8: =IFERROR(INDEX(Scores!$P$2:$P$300,$N8),"") -> 30 | K8: =IFERROR(INDEX(Scores!$E$2:$E$300,$N8),"") -> 47.435897 | L8: =IF(w_haz+w_risk<=0,"",IF(AND(OR(w_haz=0,ISNUMBER(F8)),OR(w_risk=0,ISNUMBER(K8))),(w_haz*N(F8)+w_risk*N(K8))/(w_haz*ISNUMBER(F8)+w_risk*ISNUMBER(K8)),IF(ISNUMBER(F8),"needs Human Risk",IF(ISNUMBER(K8),"needs Venom Hazard","needs both")))) -> 63.612394 | M8: =IF(ISNUMBER(L8),RANK(L8,$L$2:$L$300),"") -> 7 | N8: =IFERROR(MATCH($A8,Scores!$A$2:$A$300,0),"") -> 9 | O8: =IFERROR(MATCH($A8,Species!$A$2:$A$300,0),"") -> 76
A9: Bitis gabonica | B9: =IFERROR(INDEX(Species!$B$2:$B$300,$O9),"NOT IN SPECIES") -> Gaboon viper | C9: =IFERROR(INDEX(Species!$C$2:$C$300,$O9)&"","") -> Gaboon adder; Butterfly adder | D9: =IFERROR(INDEX(Species!$G$2:$G$300,$O9),"") -> 0.14 | E9: =IFERROR(INDEX(Species!$L$2:$L$300,$O9),"") -> 600 | F9: =IFERROR(INDEX(Scores!$C$2:$C$300,$N9),"") -> 84.117211 | G9: =IFERROR(INDEX(Scores!$M$2:$M$300,$N9),"") -> 27.777778 | H9: =IFERROR(INDEX(Scores!$N$2:$N$300,$N9),"") -> 30 | I9: =IFERROR(INDEX(Scores!$O$2:$O$300,$N9),"") -> 90 | J9: =IFERROR(INDEX(Scores!$P$2:$P$300,$N9),"") -> 30 | K9: =IFERROR(INDEX(Scores!$E$2:$E$300,$N9),"") -> 42.991453 | L9: =IF(w_haz+w_risk<=0,"",IF(AND(OR(w_haz=0,ISNUMBER(F9)),OR(w_risk=0,ISNUMBER(K9))),(w_haz*N(F9)+w_risk*N(K9))/(w_haz*ISNUMBER(F9)+w_risk*ISNUMBER(K9)),IF(ISNUMBER(F9),"needs Human Risk",IF(ISNUMBER(K9),"needs Venom Hazard","needs both")))) -> 63.554332 | M9: =IF(ISNUMBER(L9),RANK(L9,$L$2:$L$300),"") -> 8 | N9: =IFERROR(MATCH($A9,Scores!$A$2:$A$300,0),"") -> 5 | O9: =IFERROR(MATCH($A9,Species!$A$2:$A$300,0),"") -> 2
A10: Naja oxiana | B10: =IFERROR(INDEX(Species!$B$2:$B$300,$O10),"NOT IN SPECIES") -> Caspian cobra | C10: =IFERROR(INDEX(Species!$C$2:$C$300,$O10)&"","") -> Central Asian cobra; Oxus cobra | D10: =IFERROR(INDEX(Species!$G$2:$G$300,$O10),"") -> 0.1 | E10: =IFERROR(INDEX(Species!$L$2:$L$300,$O10),"") -> 124 | F10: =IFERROR(INDEX(Scores!$C$2:$C$300,$N10),"") -> 76.478075 | G10: =IFERROR(INDEX(Scores!$M$2:$M$300,$N10),"") -> 63.333333 | H10: =IFERROR(INDEX(Scores!$N$2:$N$300,$N10),"") -> 50 | I10: =IFERROR(INDEX(Scores!$O$2:$O$300,$N10),"") -> 30 | J10: =IFERROR(INDEX(Scores!$P$2:$P$300,$N10),"") -> 50 | K10: =IFERROR(INDEX(Scores!$E$2:$E$300,$N10),"") -> 50.512821 | L10: =IF(w_haz+w_risk<=0,"",IF(AND(OR(w_haz=0,ISNUMBER(F10)),OR(w_risk=0,ISNUMBER(K10))),(w_haz*N(F10)+w_risk*N(K10))/(w_haz*ISNUMBER(F10)+w_risk*ISNUMBER(K10)),IF(ISNUMBER(F10),"needs Human Risk",IF(ISNUMBER(K10),"needs Venom Hazard","needs both")))) -> 63.495448 | M10: =IF(ISNUMBER(L10),RANK(L10,$L$2:$L$300),"") -> 9 | N10: =IFERROR(MATCH($A10,Scores!$A$2:$A$300,0),"") -> 13 | O10: =IFERROR(MATCH($A10,Species!$A$2:$A$300,0),"") -> 11
A11: Naja haje | B11: =IFERROR(INDEX(Species!$B$2:$B$300,$O11),"NOT IN SPECIES") -> Egyptian cobra | C11: =IFERROR(INDEX(Species!$C$2:$C$300,$O11)&"","") -> Asp | D11: =IFERROR(INDEX(Species!$G$2:$G$300,$O11),"") -> 0.19 | E11: =IFERROR(INDEX(Species!$L$2:$L$300,$O11),"") -> 300 | F11: =IFERROR(INDEX(Scores!$C$2:$C$300,$N11),"") -> 76.623433 | G11: =IFERROR(INDEX(Scores!$M$2:$M$300,$N11),"") -> 54.444444 | H11: =IFERROR(INDEX(Scores!$N$2:$N$300,$N11),"") -> 70 | I11: =IFERROR(INDEX(Scores!$O$2:$O$300,$N11),"") -> 30 | J11: =IFERROR(INDEX(Scores!$P$2:$P$300,$N11),"") -> 30 | K11: =IFERROR(INDEX(Scores!$E$2:$E$300,$N11),"") -> 48.632479 | L11: =IF(w_haz+w_risk<=0,"",IF(AND(OR(w_haz=0,ISNUMBER(F11)),OR(w_risk=0,ISNUMBER(K11))),(w_haz*N(F11)+w_risk*N(K11))/(w_haz*ISNUMBER(F11)+w_risk*ISNUMBER(K11)),IF(ISNUMBER(F11),"needs Human Risk",IF(ISNUMBER(K11),"needs Venom Hazard","needs both")))) -> 62.627956 | M11: =IF(ISNUMBER(L11),RANK(L11,$L$2:$L$300),"") -> 10 | N11: =IFERROR(MATCH($A11,Scores!$A$2:$A$300,0),"") -> 12 | O11: =IFERROR(MATCH($A11,Species!$A$2:$A$300,0),"") -> 8
A12: Bothrops jararacussu | B12: =IFERROR(INDEX(Species!$B$2:$B$300,$O12),"NOT IN SPECIES") -> Jararacussu | C12: =IFERROR(INDEX(Species!$C$2:$C$300,$O12)&"","") | D12: =IFERROR(INDEX(Species!$G$2:$G$300,$O12),"") -> 0.46 | E12: =IFERROR(INDEX(Species!$L$2:$L$300,$O12),"") -> 321 | F12: =IFERROR(INDEX(Scores!$C$2:$C$300,$N12),"") -> 69.016691 | G12: =IFERROR(INDEX(Scores!$M$2:$M$300,$N12),"") -> 45.555556 | H12: =IFERROR(INDEX(Scores!$N$2:$N$300,$N12),"") -> 70 | I12: =IFERROR(INDEX(Scores!$O$2:$O$300,$N12),"") -> 70 | J12: =IFERROR(INDEX(Scores!$P$2:$P$300,$N12),"") -> 30 | K12: =IFERROR(INDEX(Scores!$E$2:$E$300,$N12),"") -> 54.444444 | L12: =IF(w_haz+w_risk<=0,"",IF(AND(OR(w_haz=0,ISNUMBER(F12)),OR(w_risk=0,ISNUMBER(K12))),(w_haz*N(F12)+w_risk*N(K12))/(w_haz*ISNUMBER(F12)+w_risk*ISNUMBER(K12)),IF(ISNUMBER(F12),"needs Human Risk",IF(ISNUMBER(K12),"needs Venom Hazard","needs both")))) -> 61.730568 | M12: =IF(ISNUMBER(L12),RANK(L12,$L$2:$L$300),"") -> 11 | N12: =IFERROR(MATCH($A12,Scores!$A$2:$A$300,0),"") -> 18 | O12: =IFERROR(MATCH($A12,Species!$A$2:$A$300,0),"") -> 15
A13: Naja nigricollis | B13: =IFERROR(INDEX(Species!$B$2:$B$300,$O13),"NOT IN SPECIES") -> Black-necked spitting cobra | C13: =IFERROR(INDEX(Species!$C$2:$C$300,$O13)&"","") | D13: =IFERROR(INDEX(Species!$G$2:$G$300,$O13),"") -> 0.23 | E13: =IFERROR(INDEX(Species!$L$2:$L$300,$O13),"") -> 350 | F13: =IFERROR(INDEX(Scores!$C$2:$C$300,$N13),"") -> 75.927498 | G13: =IFERROR(INDEX(Scores!$M$2:$M$300,$N13),"") -> 63.333333 | H13: =IFERROR(INDEX(Scores!$N$2:$N$300,$N13),"") -> 50 | I13: =IFERROR(INDEX(Scores!$O$2:$O$300,$N13),"") -> 30 | J13: =IFERROR(INDEX(Scores!$P$2:$P$300,$N13),"") -> 30 | K13: =IFERROR(INDEX(Scores!$E$2:$E$300,$N13),"") -> 47.435897 | L13: =IF(w_haz+w_risk<=0,"",IF(AND(OR(w_haz=0,ISNUMBER(F13)),OR(w_risk=0,ISNUMBER(K13))),(w_haz*N(F13)+w_risk*N(K13))/(w_haz*ISNUMBER(F13)+w_risk*ISNUMBER(K13)),IF(ISNUMBER(F13),"needs Human Risk",IF(ISNUMBER(K13),"needs Venom Hazard","needs both")))) -> 61.681697 | M13: =IF(ISNUMBER(L13),RANK(L13,$L$2:$L$300),"") -> 13 | N13: =IFERROR(MATCH($A13,Scores!$A$2:$A$300,0),"") -> 14 | O13: =IFERROR(MATCH($A13,Species!$A$2:$A$300,0),"") -> 55
... A95: Tropidechis carinatus | B95: =IFERROR(INDEX(Species!$B$2:$B$300,$O95),"NOT IN SPECIES") -> Rough-scaled snake | C95: =IFERROR(INDEX(Species!$C$2:$C$300,$O95)&"","") | D95: =IFERROR(INDEX(Species!$G$2:$G$300,$O95),"") -> 1.36 | E95: =IFERROR(INDEX(Species!$L$2:$L$300,$O95),"") | F95: =IFERROR(INDEX(Scores!$C$2:$C$300,$N95),"") -> needs yield | G95: =IFERROR(INDEX(Scores!$M$2:$M$300,$N95),"") -> 36.666667 | H95: =IFERROR(INDEX(Scores!$N$2:$N$300,$N95),"") -> 90 | I95: =IFERROR(INDEX(Scores!$O$2:$O$300,$N95),"") -> 30 | J95: =IFERROR(INDEX(Scores!$P$2:$P$300,$N95),"") -> 10 | K95: =IFERROR(INDEX(Scores!$E$2:$E$300,$N95),"") -> 43.333333 | L95: =IF(w_haz+w_risk<=0,"",IF(AND(OR(w_haz=0,ISNUMBER(F95)),OR(w_risk=0,ISNUMBER(K95))),(w_haz*N(F95)+w_risk*N(K95))/(w_haz*ISNUMBER(F95)+w_risk*ISNUMBER(K95)),IF(ISNUMBER(F95),"needs Human Risk",IF(ISNUMBER(K95),"needs Venom Hazard","needs both")))) -> needs Venom Hazard | M95: =IF(ISNUMBER(L95),RANK(L95,$L$2:$L$300),"") | N95: =IFERROR(MATCH($A95,Scores!$A$2:$A$300,0),"") -> 93 | O95: =IFERROR(MATCH($A95,Species!$A$2:$A$300,0),"") -> 92

Sheet Species
A1: Scientific name | B1: Common name | C1: Other names | D1: Family | E1: Region | F1: Venom effects (from V:AC) | G1: LD50 used (mg/kg) | H1: LD50 route | I1: LD50 tier | J1: LD50 spread (x) | K1: Yield low / typical (mg) | L1: Yield max (mg) | M1: Yield tier | N1: Yield spread (x) | O1: Encounter (1-10) | P1: Bite propensity (1-5) | Q1: Onset (untreated) | R1: Antivenom access | S1: Annual deaths (documented) | T1: Case-fatality rate | U1: Notes | V1: Neurotoxic | W1: Hemotoxic (any) | X1: Procoagulant | Y1: Anticoagulant | Z1: Hemorrhagic | AA1: Cytotoxic | AB1: Myotoxic | AC1: Cardiotoxic | AD1: Venom effects source | AE1: Encounter reason
A2: Daboia russelii | B2: Russell's viper | C2: Chain viper; Daboia | D2: Viperidae | E2: South & Southeast Asia | F2: =IF(COUNTIF(V2:AC2,"Y")=0,"",UPPER(MID(IF(V2="Y","/neurotoxic","")&IF(W2="Y","/hemotoxic","")&IF(X2="Y","/procoagulant","")&IF(Y2="Y","/anticoagulant","")&IF(Z2="Y","/hemorrhagic","")&IF(AA2="Y","/cytotoxic","")&IF(AB2="Y","/myotoxic","")&IF(AC2="Y","/cardiotoxic",""),2,1))&MID(IF(V2="Y","/neurotoxic","")&IF(W2="Y","/hemotoxic","")&IF(X2="Y","/procoagulant","")&IF(Y2="Y","/anticoagulant","")&IF(Z2="Y","/hemorrhagic","")&IF(AA2="Y","/cytotoxic","")&IF(AB2="Y","/myotoxic","")&IF(AC2="Y","/cardiotoxic",""),3,200)) -> Hemotoxic/procoagulant | G2: =IFERROR(INDEX('LD50 Sources'!$C$2:$C$1000,MATCH($A2,'LD50 Sources'!$L$2:$L$1000,0)),"") -> 0.03 | H2: =IFERROR(INDEX('LD50 Sources'!$D$2:$D$1000,MATCH($A2,'LD50 Sources'!$L$2:$L$1000,0))&"","") -> SC | I2: =IFERROR(INDEX('LD50 Sources'!$H$2:$H$1000,MATCH($A2,'LD50 Sources'!$L$2:$L$1000,0))&"","") -> C | J2: =IF(COUNTIFS('LD50 Sources'!$A$2:$A$1000,$A2,'LD50 Sources'!$K$2:$K$1000,1)<2,"",ROUND(_xlfn.MAXIFS('LD50 Sources'!$C$2:$C$1000,'LD50 Sources'!$A$2:$A$1000,$A2,'LD50 Sources'!$K$2:$K$1000,1)/_xlfn.MINIFS('LD50 Sources'!$C$2:$C$1000,'LD50 Sources'!$A$2:$A$1000,$A2,'LD50 Sources'!$K$2:$K$1000,1),1)) | K2: =IFERROR(INDEX('Yield Sources'!$C$2:$C$1000,MATCH($A2,'Yield Sources'!$N$2:$N$1000,0)),"") -> 130 | L2: =IFERROR(INDEX('Yield Sources'!$D$2:$D$1000,MATCH($A2,'Yield Sources'!$N$2:$N$1000,0)),"") -> 250 | M2: =IFERROR(INDEX('Yield Sources'!$J$2:$J$1000,MATCH($A2,'Yield Sources'!$N$2:$N$1000,0))&"","") -> C | N2: =IF(COUNTIFS('Yield Sources'!$A$2:$A$1000,$A2,'Yield Sources'!$M$2:$M$1000,1)<2,"",ROUND(_xlfn.MAXIFS('Yield Sources'!$D$2:$D$1000,'Yield Sources'!$A$2:$A$1000,$A2,'Yield Sources'!$M$2:$M$1000,1)/_xlfn.MINIFS('Yield Sources'!$D$2:$D$1000,'Yield Sources'!$A$2:$A$1000,$A2,'Yield Sources'!$M$2:$M$1000,1),1)) | O2: 10 | P2: 5 | Q2: Moderate-slow (hours to days) | R2: Widely available | S2: =IFERROR(INDEX('Clinical Sources'!$M$2:$M$1000,MATCH($A2&"|Annual deaths",'Clinical Sources'!$N$2:$N$1000,0)),"") | T2: =IFERROR(INDEX('Clinical Sources'!$M$2:$M$1000,MATCH($A2&"|Case-fatality rate",'Clinical Sources'!$N$2:$N$1000,0)),"") | U2: Clinical: Coagulopathy, internal bleeding, kidney failure develop over hours to days; can still be rapidly fatal with a large envenomation. Antivenom: India. | W2: Y | X2: Y | AD2: Carried from v3.2 text; source needed | AE2: Very common in farmland and around villages across South Asia, where most bites happen.
A3: Bitis gabonica | B3: Gaboon viper | C3: Gaboon adder; Butterfly adder | D3: Viperidae | E3: West & Central Africa | F3: =IF(COUNTIF(V3:AC3,"Y")=0,"",UPPER(MID(IF(V3="Y","/neurotoxic","")&IF(W3="Y","/hemotoxic","")&IF(X3="Y","/procoagulant","")&IF(Y3="Y","/anticoagulant","")&IF(Z3="Y","/hemorrhagic","")&IF(AA3="Y","/cytotoxic","")&IF(AB3="Y","/myotoxic","")&IF(AC3="Y","/cardiotoxic",""),2,1))&MID(IF(V3="Y","/neurotoxic","")&IF(W3="Y","/hemotoxic","")&IF(X3="Y","/procoagulant","")&IF(Y3="Y","/anticoagulant","")&IF(Z3="Y","/hemorrhagic","")&IF(AA3="Y","/cytotoxic","")&IF(AB3="Y","/myotoxic","")&IF(AC3="Y","/cardiotoxic",""),3,200)) -> Hemotoxic/cytotoxic | G3: =IFERROR(INDEX('LD50 Sources'!$C$2:$C$1000,MATCH($A3,'LD50 Sources'!$L$2:$L$1000,0)),"") -> 0.14 | H3: =IFERROR(INDEX('LD50 Sources'!$D$2:$D$1000,MATCH($A3,'LD50 Sources'!$L$2:$L$1000,0))&"","") -> SC | I3: =IFERROR(INDEX('LD50 Sources'!$H$2:$H$1000,MATCH($A3,'LD50 Sources'!$L$2:$L$1000,0))&"","") -> C | J3: =IF(COUNTIFS('LD50 Sources'!$A$2:$A$1000,$A3,'LD50 Sources'!$K$2:$K$1000,1)<2,"",ROUND(_xlfn.MAXIFS('LD50 Sources'!$C$2:$C$1000,'LD50 Sources'!$A$2:$A$1000,$A3,'LD50 Sources'!$K$2:$K$1000,1)/_xlfn.MINIFS('LD50 Sources'!$C$2:$C$1000,'LD50 Sources'!$A$2:$A$1000,$A3,'LD50 Sources'!$K$2:$K$1000,1),1)) | K3: =IFERROR(INDEX('Yield Sources'!$C$2:$C$1000,MATCH($A3,'Yield Sources'!$N$2:$N$1000,0)),"") -> 350 | L3: =IFERROR(INDEX('Yield Sources'!$D$2:$D$1000,MATCH($A3,'Yield Sources'!$N$2:$N$1000,0)),"") -> 600 | M3: =IFERROR(INDEX('Yield Sources'!$J$2:$J$1000,MATCH($A3,'Yield Sources'!$N$2:$N$1000,0))&"","") -> C | N3: =IF(COUNTIFS('Yield Sources'!$A$2:$A$1000,$A3,'Yield Sources'!$M$2:$M$1000,1)<2,"",ROUND(_xlfn.MAXIFS('Yield Sources'!$D$2:$D$1000,'Yield Sources'!$A$2:$A$1000,$A3,'Yield Sources'!$M$2:$M$1000,1)/_xlfn.MINIFS('Yield Sources'!$D$2:$D$1000,'Yield Sources'!$A$2:$A$1000,$A3,'Yield Sources'!$M$2:$M$1000,1),1)) | O3: 3 | P3: 2 | Q3: Slow (24 h or more) | R3: Regional | S3: =IFERROR(INDEX('Clinical Sources'!$M$2:$M$1000,MATCH($A3&"|Annual deaths",'Clinical Sources'!$N$2:$N$1000,0)),"") | T3: =IFERROR(INDEX('Clinical Sources'!$M$2:$M$1000,MATCH($A3&"|Case-fatality rate",'Clinical Sources'!$N$2:$N$1000,0)),"") | U3: Clinical: Severe local tissue damage and shock develop over 1-2 days; massive envenomation can cause faster cardiovascular collapse. Antivenom: SAIMR polyvalent. | W3: Y | AA3: Y | AD3: Carried from v3.2 text; source needed | AE3: Forest-floor snake of West and Central Africa; well camouflaged and rarely met.
A4: Oxyuranus scutellatus | B4: Coastal taipan | C4: Common taipan | D4: Elapidae | E4: NE Australia, PNG | F4: =IF(COUNTIF(V4:AC4,"Y")=0,"",UPPER(MID(IF(V4="Y","/neurotoxic","")&IF(W4="Y","/hemotoxic","")&IF(X4="Y","/procoagulant","")&IF(Y4="Y","/anticoagulant","")&IF(Z4="Y","/hemorrhagic","")&IF(AA4="Y","/cytotoxic","")&IF(AB4="Y","/myotoxic","")&IF(AC4="Y","/cardiotoxic",""),2,1))&MID(IF(V4="Y","/neurotoxic","")&IF(W4="Y","/hemotoxic","")&IF(X4="Y","/procoagulant","")&IF(Y4="Y","/anticoagulant","")&IF(Z4="Y","/hemorrhagic","")&IF(AA4="Y","/cytotoxic","")&IF(AB4="Y","/myotoxic","")&IF(AC4="Y","/cardiotoxic",""),3,200)) -> Neurotoxic/hemotoxic/procoagulant | G4: =IFERROR(INDEX('LD50 Sources'!$C$2:$C$1000,MATCH($A4,'LD50 Sources'!$L$2:$L$1000,0)),"") -> 0.099 | H4: =IFERROR(INDEX('LD50 Sources'!$D$2:$D$1000,MATCH($A4,'LD50 Sources'!$L$2:$L$1000,0))&"","") -> SC | I4: =IFERROR(INDEX('LD50 Sources'!$H$2:$H$1000,MATCH($A4,'LD50 Sources'!$L$2:$L$1000,0))&"","") -> A | J4: =IF(COUNTIFS('LD50 Sources'!$A$2:$A$1000,$A4,'LD50 Sources'!$K$2:$K$1000,1)<2,"",ROUND(_xlfn.MAXIFS('LD50 Sources'!$C$2:$C$1000,'LD50 Sources'!$A$2:$A$1000,$A4,'LD50 Sources'!$K$2:$K$1000,1)/_xlfn.MINIFS('LD50 Sources'!$C$2:$C$1000,'LD50 Sources'!$A$2:$A$1000,$A4,'LD50 Sources'!$K$2:$K$1000,1),1)) | K4: =IFERROR(INDEX('Yield Sources'!$C$2:$C$1000,MATCH($A4,'Yield Sources'!$N$2:$N$1000,0)),"") -> 120 | L4: =IFERROR(INDEX('Yield Sources'!$D$2:$D$1000,MATCH($A4,'Yield Sources'!$N$2:$N$1000,0)),"") -> 400 | M4: =IFERROR(INDEX('Yield Sources'!$J$2:$J$1000,MATCH($A4,'Yield Sources'!$N$2:$N$1000,0))&"","") -> C | N4: =IF(COUNTIFS('Yield Sources'!$A$2:$A$1000,$A4,'Yield Sources'!$M$2:$M$1000,1)<2,"",ROUND(_xlfn.MAXIFS('Yield Sources'!$D$2:$D$1000,'Yield Sources'!$A$2:$A$1000,$A4,'Yield Sources'!$M$2:$M$1000,1)/_xlfn.MINIFS('Yield Sources'!$D$2:$D$1000,'Yield Sources'!$A$2:$A$1000,$A4,'Yield Sources'!$M$2:$M$1000,1),1)) | O4: 5 | P4: 3 | Q4: Fast (hours) | R4: Widely available | S4: =IFERROR(INDEX('Clinical Sources'!$M$2:$M$1000,MATCH($A4&"|Annual deaths",'Clinical Sources'!$N$2:$N$1000,0)),"") | T4: =IFERROR(INDEX('Clinical Sources'!$M$2:$M$1000,MATCH($A4&"|Case-fatality rate",'Clinical Sources'!$N$2:$N$1000,0)),"") | U4: Clinical: Paralysis and coagulopathy can progress within a few hours untreated. Antivenom: Australia. | V4: Y | W4: Y | X4: Y | AD4: Carried from v3.2 text; source needed | AE4: Grassland, cane fields and forest edges in NE Australia and PNG; met occasionally.
A5: Hydrophis schistosus | B5: Hook-nosed sea snake | C5: Beaked sea snake; Common sea snake | D5: Elapidae | E5: Indo-Pacific coasts | F5: =IF(COUNTIF(V5:AC5,"Y")=0,"",UPPER(MID(IF(V5="Y","/neurotoxic","")&IF(W5="Y","/hemotoxic","")&IF(X5="Y","/procoagulant","")&IF(Y5="Y","/anticoagulant","")&IF(Z5="Y","/hemorrhagic","")&IF(AA5="Y","/cytotoxic","")&IF(AB5="Y","/myotoxic","")&IF(AC5="Y","/cardiotoxic",""),2,1))&MID(IF(V5="Y","/neurotoxic","")&IF(W5="Y","/hemotoxic","")&IF(X5="Y","/procoagulant","")&IF(Y5="Y","/anticoagulant","")&IF(Z5="Y","/hemorrhagic","")&IF(AA5="Y","/cytotoxic","")&IF(AB5="Y","/myotoxic","")&IF(AC5="Y","/cardiotoxic",""),3,200)) -> Neurotoxic/myotoxic | G5: =IFERROR(INDEX('LD50 Sources'!$C$2:$C$1000,MATCH($A5,'LD50 Sources'!$L$2:$L$1000,0)),"") -> 0.164 | H5: =IFERROR(INDEX('LD50 Sources'!$D$2:$D$1000,MATCH($A5,'LD50 Sources'!$L$2:$L$1000,0))&"","") -> SC | I5: =IFERROR(INDEX('LD50 Sources'!$H$2:$H$1000,MATCH($A5,'LD50 Sources'!$L$2:$L$1000,0))&"","") -> A | J5: =IF(COUNTIFS('LD50 Sources'!$A$2:$A$1000,$A5,'LD50 Sources'!$K$2:$K$1000,1)<2,"",ROUND(_xlfn.MAXIFS('LD50 Sources'!$C$2:$C$1000,'LD50 Sources'!$A$2:$A$1000,$A5,'LD50 Sources'!$K$2:$K$1000,1)/_xlfn.MINIFS('LD50 Sources'!$C$2:$C$1000,'LD50 Sources'!$A$2:$A$1000,$A5,'LD50 Sources'!$K$2:$K$1000,1),1)) -> 8.2 | K5: =IFERROR(INDEX('Yield Sources'!$C$2:$C$1000,MATCH($A5,'Yield Sources'!$N$2:$N$1000,0)),"") -> 7 | L5: =IFERROR(INDEX('Yield Sources'!$D$2:$D$1000,MATCH($A5,'Yield Sources'!$N$2:$N$1000,0)),"") -> 79 | M5: =IFERROR(INDEX('Yield Sources'!$J$2:$J$1000,MATCH($A5,'Yield Sources'!$N$2:$N$1000,0))&"","") -> C | N5: =IF(COUNTIFS('Yield Sources'!$A$2:$A$1000,$A5,'Yield Sources'!$M$2:$M$1000,1)<2,"",ROUND(_xlfn.MAXIFS('Yield Sources'!$D$2:$D$1000,'Yield Sources'!$A$2:$A$1000,$A5,'Yield Sources'!$M$2:$M$1000,1)/_xlfn.MINIFS('Yield Sources'!$D$2:$D$1000,'Yield Sources'!$A$2:$A$1000,$A5,'Yield Sources'!$M$2:$M$1000,1),1)) | O5: 1 | P5: 1 | Q5: Moderate (6-24 h) | R5: Limited | S5: =IFERROR(INDEX('Clinical Sources'!$M$2:$M$1000,MATCH($A5&"|Annual deaths",'Clinical Sources'!$N$2:$N$1000,0)),"") | T5: =IFERROR(INDEX('Clinical Sources'!$M$2:$M$1000,MATCH($A5&"|Case-fatality rate",'Clinical Sources'!$N$2:$N$1000,0)),"") | U5: Taxonomy: Formerly Enhydrina schistosa; moved to Hydrophis. Clinical: Muscle breakdown (myotoxicity) and paralysis typically progress over several hours. LD50: Broad et al. (1979) SC 0.164 mg/kg used from 2026-09-29; the untraced 0.02 is kept as an Alternative. | V5: Y | AB5: Y | AD5: Carried from v3.2 text; source needed | AE5: Coastal sea snake; met mostly by fishers handling nets.
A6: Oxyuranus microlepidotus | B6: Inland taipan | C6: Western taipan; Small-scaled snake; Fierce snake | D6: Elapidae | E6: Central Australia | F6: =IF(COUNTIF(V6:AC6,"Y")=0,"",UPPER(MID(IF(V6="Y","/neurotoxic","")&IF(W6="Y","/hemotoxic","")&IF(X6="Y","/procoagulant","")&IF(Y6="Y","/anticoagulant","")&IF(Z6="Y","/hemorrhagic","")&IF(AA6="Y","/cytotoxic","")&IF(AB6="Y","/myotoxic","")&IF(AC6="Y","/cardiotoxic",""),2,1))&MID(IF(V6="Y","/neurotoxic","")&IF(W6="Y","/hemotoxic","")&IF(X6="Y","/procoagulant","")&IF(Y6="Y","/anticoagulant","")&IF(Z6="Y","/hemorrhagic","")&IF(AA6="Y","/cytotoxic","")&IF(AB6="Y","/myotoxic","")&IF(AC6="Y","/cardiotoxic",""),3,200)) -> Neurotoxic/hemotoxic/procoagulant | G6: =IFERROR(INDEX('LD50 Sources'!$C$2:$C$1000,MATCH($A6,'LD50 Sources'!$L$2:$L$1000,0)),"") -> 0.025 | H6: =IFERROR(INDEX('LD50 Sources'!$D$2:$D$1000,MATCH($A6,'LD50 Sources'!$L$2:$L$1000,0))&"","") -> SC | I6: =IFERROR(INDEX('LD50 Sources'!$H$2:$H$1000,MATCH($A6,'LD50 Sources'!$L$2:$L$1000,0))&"","") -> A | J6: =IF(COUNTIFS('LD50 Sources'!$A$2:$A$1000,$A6,'LD50 Sources'!$K$2:$K$1000,1)<2,"",ROUND(_xlfn.MAXIFS('LD50 Sources'!$C$2:$C$1000,'LD50 Sources'!$A$2:$A$1000,$A6,'LD50 Sources'!$K$2:$K$1000,1)/_xlfn.MINIFS('LD50 Sources'!$C$2:$C$1000,'LD50 Sources'!$A$2:$A$1000,$A6,'LD50 Sources'!$K$2:$K$1000,1),1)) | K6: =IFERROR(INDEX('Yield Sources'!$C$2:$C$1000,MATCH($A6,'Yield Sources'!$N$2:$N$1000,0)),"") -> 44 | L6: =IFERROR(INDEX('Yield Sources'!$D$2:$D$1000,MATCH($A6,'Yield Sources'!$N$2:$N$1000,0)),"") -> 110 | M6: =IFERROR(INDEX('Yield Sources'!$J$2:$J$1000,MATCH($A6,'Yield Sources'!$N$2:$N$1000,0))&"","") -> B | N6: =IF(COUNTIFS('Yield Sources'!$A$2:$A$1000,$A6,'Yield Sources'!$M$2:$M$1000,1)<2,"",ROUND(_xlfn.MAXIFS('Yield Sources'!$D$2:$D$1000,'Yield Sources'!$A$2:$A$1000,$A6,'Yield Sources'!$M$2:$M$1000,1)/_xlfn.MINIFS('Yield Sources'!$D$2:$D$1000,'Yield Sources'!$A$2:$A$1000,$A6,'Yield Sources'!$M$2:$M$1000,1),1)) | O6: 1 | P6: 2 | Q6: Very fast (under 1 h to a few h) | R6: Widely available | S6: =IFERROR(INDEX('Clinical Sources'!$M$2:$M$1000,MATCH($A6&"|Annual deaths",'Clinical Sources'!$N$2:$N$1000,0)),"") -> 0 (Australia, 2005-2015) | T6: =IFERROR(INDEX('Clinical Sources'!$M$2:$M$1000,MATCH($A6&"|Case-fatality rate",'Clinical Sources'!$N$2:$N$1000,0)),"") | U6: Clinical: Rapid paralysis and coagulopathy; historically among the fastest-acting Australian elapid venoms untreated. Antivenom: Australia. | V6: Y | W6: Y | X6: Y | AD6: Carried from v3.2 text; source needed | AE6: Remote central Australian desert where almost nobody lives.
A7: Bitis arietans | B7: Puff adder | D7: Viperidae | E7: Sub-Saharan Africa | F7: =IF(COUNTIF(V7:AC7,"Y")=0,"",UPPER(MID(IF(V7="Y","/neurotoxic","")&IF(W7="Y","/hemotoxic","")&IF(X7="Y","/procoagulant","")&IF(Y7="Y","/anticoagulant","")&IF(Z7="Y","/hemorrhagic","")&IF(AA7="Y","/cytotoxic","")&IF(AB7="Y","/myotoxic","")&IF(AC7="Y","/cardiotoxic",""),2,1))&MID(IF(V7="Y","/neurotoxic","")&IF(W7="Y","/hemotoxic","")&IF(X7="Y","/procoagulant","")&IF(Y7="Y","/anticoagulant","")&IF(Z7="Y","/hemorrhagic","")&IF(AA7="Y","/cytotoxic","")&IF(AB7="Y","/myotoxic","")&IF(AC7="Y","/cardiotoxic",""),3,200)) -> Hemotoxic/cytotoxic | G7: =IFERROR(INDEX('LD50 Sources'!$C$2:$C$1000,MATCH($A7,'LD50 Sources'!$L$2:$L$1000,0)),"") -> 0.14 | H7: =IFERROR(INDEX('LD50 Sources'!$D$2:$D$1000,MATCH($A7,'LD50 Sources'!$L$2:$L$1000,0))&"","") -> SC | I7: =IFERROR(INDEX('LD50 Sources'!$H$2:$H$1000,MATCH($A7,'LD50 Sources'!$L$2:$L$1000,0))&"","") -> C | J7: =IF(COUNTIFS('LD50 Sources'!$A$2:$A$1000,$A7,'LD50 Sources'!$K$2:$K$1000,1)<2,"",ROUND(_xlfn.MAXIFS('LD50 Sources'!$C$2:$C$1000,'LD50 Sources'!$A$2:$A$1000,$A7,'LD50 Sources'!$K$2:$K$1000,1)/_xlfn.MINIFS('LD50 Sources'!$C$2:$C$1000,'LD50 Sources'!$A$2:$A$1000,$A7,'LD50 Sources'!$K$2:$K$1000,1),1)) | K7: =IFERROR(INDEX('Yield Sources'!$C$2:$C$1000,MATCH($A7,'Yield Sources'!$N$2:$N$1000,0)),"") -> 100 | L7: =IFERROR(INDEX('Yield Sources'!$D$2:$D$1000,MATCH($A7,'Yield Sources'!$N$2:$N$1000,0)),"") -> 350 | M7: =IFERROR(INDEX('Yield Sources'!$J$2:$J$1000,MATCH($A7,'Yield Sources'!$N$2:$N$1000,0))&"","") -> C | N7: =IF(COUNTIFS('Yield Sources'!$A$2:$A$1000,$A7,'Yield Sources'!$M$2:$M$1000,1)<2,"",ROUND(_xlfn.MAXIFS('Yield Sources'!$D$2:$D$1000,'Yield Sources'!$A$2:$A$1000,$A7,'Yield Sources'!$M$2:$M$1000,1)/_xlfn.MINIFS('Yield Sources'!$D$2:$D$1000,'Yield Sources'!$A$2:$A$1000,$A7,'Yield Sources'!$M$2:$M$1000,1),1)) | O7: 9 | P7: 4 | Q7: Slow (24 h or more) | R7: Regional | S7: =IFERROR(INDEX('Clinical Sources'!$M$2:$M$1000,MATCH($A7&"|Annual deaths",'Clinical Sources'!$N$2:$N$1000,0)),"") | T7: =IFERROR(INDEX('Clinical Sources'!$M$2:$M$1000,MATCH($A7&"|Case-fatality rate",'Clinical Sources'!$N$2:$N$1000,0)),"") | U7: Clinical: Death, when it occurs, is usually from progressive tissue destruction, swelling, and shock over 1-2+ days rather than rapid collapse. Antivenom: SAIMR polyvalent. Bite propensity: Scored 4: does not flee, frequently stepped on. | W7: Y | AA7: Y | AD7: Carried from v3.2 text; source needed | AE7: Widespread and common across Africa, including near homes and farms; often stepped on.
A8: Dendroaspis polylepis | B8: Black mamba | D8: Elapidae | E8: Sub-Saharan Africa | F8: =IF(COUNTIF(V8:AC8,"Y")=0,"",UPPER(MID(IF(V8="Y","/neurotoxic","")&IF(W8="Y","/hemotoxic","")&IF(X8="Y","/procoagulant","")&IF(Y8="Y","/anticoagulant","")&IF(Z8="Y","/hemorrhagic","")&IF(AA8="Y","/cytotoxic","")&IF(AB8="Y","/myotoxic","")&IF(AC8="Y","/cardiotoxic",""),2,1))&MID(IF(V8="Y","/neurotoxic","")&IF(W8="Y","/hemotoxic","")&IF(X8="Y","/procoagulant","")&IF(Y8="Y","/anticoagulant","")&IF(Z8="Y","/hemorrhagic","")&IF(AA8="Y","/cytotoxic","")&IF(AB8="Y","/myotoxic","")&IF(AC8="Y","/cardiotoxic",""),3,200)) -> Neurotoxic/cardiotoxic | G8: =IFERROR(INDEX('LD50 Sources'!$C$2:$C$1000,MATCH($A8,'LD50 Sources'!$L$2:$L$1000,0)),"") -> 0.05 | H8: =IFERROR(INDEX('LD50 Sources'!$D$2:$D$1000,MATCH($A8,'LD50 Sources'!$L$2:$L$1000,0))&"","") -> SC | I8: =IFERROR(INDEX('LD50 Sources'!$H$2:$H$1000,MATCH($A8,'LD50 Sources'!$L$2:$L$1000,0))&"","") -> D | J8: =IF(COUNTIFS('LD50 Sources'!$A$2:$A$1000,$A8,'LD50 Sources'!$K$2:$K$1000,1)<2,"",ROUND(_xlfn.MAXIFS('LD50 Sources'!$C$2:$C$1000,'LD50 Sources'!$A$2:$A$1000,$A8,'LD50 Sources'!$K$2:$K$1000,1)/_xlfn.MINIFS('LD50 Sources'!$C$2:$C$1000,'LD50 Sources'!$A$2:$A$1000,$A8,'LD50 Sources'!$K$2:$K$1000,1),1)) -> 6.4 | K8: =IFERROR(INDEX('Yield Sources'!$C$2:$C$1000,MATCH($A8,'Yield Sources'!$N$2:$N$1000,0)),"") -> 50 | L8: =IFERROR(INDEX('Yield Sources'!$D$2:$D$1000,MATCH($A8,'Yield Sources'!$N$2:$N$1000,0)),"") -> 100 | M8: =IFERROR(INDEX('Yield Sources'!$J$2:$J$1000,MATCH($A8,'Yield Sources'!$N$2:$N$1000,0))&"","") -> C | N8: =IF(COUNTIFS('Yield Sources'!$A$2:$A$1000,$A8,'Yield Sources'!$M$2:$M$1000,1)<2,"",ROUND(_xlfn.MAXIFS('Yield Sources'!$D$2:$D$1000,'Yield Sources'!$A$2:$A$1000,$A8,'Yield Sources'!$M$2:$M$1000,1)/_xlfn.MINIFS('Yield Sources'!$D$2:$D$1000,'Yield Sources'!$A$2:$A$1000,$A8,'Yield Sources'!$M$2:$M$1000,1),1)) -> 4 | O8: 5 | P8: 4 | Q8: Very fast (under 1 h to a few h) | R8: Regional | S8: =IFERROR(INDEX('Clinical Sources'!$M$2:$M$1000,MATCH($A8&"|Annual deaths",'Clinical Sources'!$N$2:$N$1000,0)),"") | T8: =IFERROR(INDEX('Clinical Sources'!$M$2:$M$1000,MATCH($A8&"|Case-fatality rate",'Clinical Sources'!$N$2:$N$1000,0)),"") | U8: Clinical: Widely cited as one of the fastest-acting venoms; untreated bites have historically caused death in under an hour to a few hours via respiratory paralysis. Antivenom: SAIMR polyvalent. | V8: Y | AC8: Y | AD8: Carried from v3.2 text; source needed | AE8: Widespread in African savanna, sometimes near settlements; met occasionally.
A9: Naja haje | B9: Egyptian cobra | C9: Asp | D9: Elapidae | E9: North Africa, Middle East | F9: =IF(COUNTIF(V9:AC9,"Y")=0,"",UPPER(MID(IF(V9="Y","/neurotoxic","")&IF(W9="Y","/hemotoxic","")&IF(X9="Y","/procoagulant","")&IF(Y9="Y","/anticoagulant","")&IF(Z9="Y","/hemorrhagic","")&IF(AA9="Y","/cytotoxic","")&IF(AB9="Y","/myotoxic","")&IF(AC9="Y","/cardiotoxic",""),2,1))&MID(IF(V9="Y","/neurotoxic","")&IF(W9="Y","/hemotoxic","")&IF(X9="Y","/procoagulant","")&IF(Y9="Y","/anticoagulant","")&IF(Z9="Y","/hemorrhagic","")&IF(AA9="Y","/cytotoxic","")&IF(AB9="Y","/myotoxic","")&IF(AC9="Y","/cardiotoxic",""),3,200)) -> Neurotoxic/cytotoxic | G9: =IFERROR(INDEX('LD50 Sources'!$C$2:$C$1000,MATCH($A9,'LD50 Sources'!$L$2:$L$1000,0)),"") -> 0.19 | H9: =IFERROR(INDEX('LD50 Sources'!$D$2:$D$1000,MATCH($A9,'LD50 Sources'!$L$2:$L$1000,0))&"","") -> SC | I9: =IFERROR(INDEX('LD50 Sources'!$H$2:$H$1000,MATCH($A9,'LD50 Sources'!$L$2:$L$1000,0))&"","") -> C | J9: =IF(COUNTIFS('LD50 Sources'!$A$2:$A$1000,$A9,'LD50 Sources'!$K$2:$K$1000,1)<2,"",ROUND(_xlfn.MAXIFS('LD50 Sources'!$C$2:$C$1000,'LD50 Sources'!$A$2:$A$1000,$A9,'LD50 Sources'!$K$2:$K$1000,1)/_xlfn.MINIFS('LD50 Sources'!$C$2:$C$1000,'LD50 Sources'!$A$2:$A$1000,$A9,'LD50 Sources'!$K$2:$K$1000,1),1)) | K9: =IFERROR(INDEX('Yield Sources'!$C$2:$C$1000,MATCH($A9,'Yield Sources'!$N$2:$N$1000,0)),"") -> 175 | L9: =IFERROR(INDEX('Yield Sources'!$D$2:$D$1000,MATCH($A9,'Yield Sources'!$N$2:$N$1000,0)),"") -> 300 | M9: =IFERROR(INDEX('Yield Sources'!$J$2:$J$1000,MATCH($A9,'Yield Sources'!$N$2:$N$1000,0))&"","") -> C | N9: =IF(COUNTIFS('Yield Sources'!$A$2:$A$1000,$A9,'Yield Sources'!$M$2:$M$1000,1)<2,"",ROUND(_xlfn.MAXIFS('Yield Sources'!$D$2:$D$1000,'Yield Sources'!$A$2:$A$1000,$A9,'Yield Sources'!$M$2:$M$1000,1)/_xlfn.MINIFS('Yield Sources'!$D$2:$D$1000,'Yield Sources'!$A$2:$A$1000,$A9,'Yield Sources'!$M$2:$M$1000,1),1)) | O9: 6 | P9: 4 | Q9: Fast (hours) | R9: Regional | S9: =IFERROR(INDEX('Clinical Sources'!$M$2:$M$1000,MATCH($A9&"|Annual deaths",'Clinical Sources'!$N$2:$N$1000,0)),"") | T9: =IFERROR(INDEX('Clinical Sources'!$M$2:$M$1000,MATCH($A9&"|Case-fatality rate",'Clinical Sources'!$N$2:$N$1000,0)),"") | U9: Clinical: Respiratory paralysis can progress within a few hours untreated. | V9: Y | AA9: Y | AD9: Carried from v3.2 text; source needed | AE9: Common across North Africa, including farmland and villages.
A10: Notechis scutatus | B10: Tiger snake | C10: Mainland tiger snake | D10: Elapidae | E10: Southern Australia | F10: =IF(COUNTIF(V10:AC10,"Y")=0,"",UPPER(MID(IF(V10="Y","/neurotoxic","")&IF(W10="Y","/hemotoxic","")&IF(X10="Y","/procoagulant","")&IF(Y10="Y","/anticoagulant","")&IF(Z10="Y","/hemorrhagic","")&IF(AA10="Y","/cytotoxic","")&IF(AB10="Y","/myotoxic","")&IF(AC10="Y","/cardiotoxic",""),2,1))&MID(IF(V10="Y","/neurotoxic","")&IF(W10="Y","/hemotoxic","")&IF(X10="Y","/procoagulant","")&IF(Y10="Y","/anticoagulant","")&IF(Z10="Y","/hemorrhagic","")&IF(AA10="Y","/cytotoxic","")&IF(AB10="Y","/myotoxic","")&IF(AC10="Y","/cardiotoxic",""),3,200)) -> Neurotoxic/hemotoxic/procoagulant/myotoxic | G10: =IFERROR(INDEX('LD50 Sources'!$C$2:$C$1000,MATCH($A10,'LD50 Sources'!$L$2:$L$1000,0)),"") -> 0.118 | H10: =IFERROR(INDEX('LD50 Sources'!$D$2:$D$1000,MATCH($A10,'LD50 Sources'!$L$2:$L$1000,0))&"","") -> SC | I10: =IFERROR(INDEX('LD50 Sources'!$H$2:$H$1000,MATCH($A10,'LD50 Sources'!$L$2:$L$1000,0))&"","") -> A | J10: =IF(COUNTIFS('LD50 Sources'!$A$2:$A$1000,$A10,'LD50 Sources'!$K$2:$K$1000,1)<2,"",ROUND(_xlfn.MAXIFS('LD50 Sources'!$C$2:$C$1000,'LD50 Sources'!$A$2:$A$1000,$A10,'LD50 Sources'!$K$2:$K$1000,1)/_xlfn.MINIFS('LD50 Sources'!$C$2:$C$1000,'LD50 Sources'!$A$2:$A$1000,$A10,'LD50 Sources'!$K$2:$K$1000,1),1)) | K10: =IFERROR(INDEX('Yield Sources'!$C$2:$C$1000,MATCH($A10,'Yield Sources'!$N$2:$N$1000,0)),"") -> 35 | L10: =IFERROR(INDEX('Yield Sources'!$D$2:$D$1000,MATCH($A10,'Yield Sources'!$N$2:$N$1000,0)),"") -> 189 | M10: =IFERROR(INDEX('Yield Sources'!$J$2:$J$1000,MATCH($A10,'Yield Sources'!$N$2:$N$1000,0))&"","") -> C | N10: =IF(COUNTIFS('Yield Sources'!$A$2:$A$1000,$A10,'Yield Sources'!$M$2:$M$1000,1)<2,"",ROUND(_xlfn.MAXIFS('Yield Sources'!$D$2:$D$1000,'Yield Sources'!$A$2:$A$1000,$A10,'Yield Sources'!$M$2:$M$1000,1)/_xlfn.MINIFS('Yield Sources'!$D$2:$D$1000,'Yield Sources'!$A$2:$A$1000,$A10,'Yield Sources'!$M$2:$M$1000,1),1)) | O10: 5 | P10: 3 | Q10: Fast (hours) | R10: Widely available | S10: =IFERROR(INDEX('Clinical Sources'!$M$2:$M$1000,MATCH($A10&"|Annual deaths",'Clinical Sources'!$N$2:$N$1000,0)),"") -> 0.4 (Australia 2005-2015, tiger snakes) | T10: =IFERROR(INDEX('Clinical Sources'!$M$2:$M$1000,MATCH($A10&"|Case-fatality rate",'Clinical Sources'!$N$2:$N$1000,0)),"") | U10: Taxonomy: Single row masks subspecific variation. Broad et al. (1979) SC saline: N. s. scutatus 0.118; N. s. occidentalis 0.194; N. ater niger 0.131; N. ater serventyi 0.338 (a 2.9x spread). Consider separate rows. Clinical: Paralysis and coagulopathy can develop within hours untreated. Antivenom: Australia. | V10: Y | W10: Y | X10: Y | AB10: Y | AD10: Carried from v3.2 text; source needed | AE10: Common in wetlands and coastal areas of southern Australia, including near towns.
A11: Pseudonaja textilis | B11: Eastern brown snake | C11: Common brown snake | D11: Elapidae | E11: Eastern Australia | F11: =IF(COUNTIF(V11:AC11,"Y")=0,"",UPPER(MID(IF(V11="Y","/neurotoxic","")&IF(W11="Y","/hemotoxic","")&IF(X11="Y","/procoagulant","")&IF(Y11="Y","/anticoagulant","")&IF(Z11="Y","/hemorrhagic","")&IF(AA11="Y","/cytotoxic","")&IF(AB11="Y","/myotoxic","")&IF(AC11="Y","/cardiotoxic",""),2,1))&MID(IF(V11="Y","/neurotoxic","")&IF(W11="Y","/hemotoxic","")&IF(X11="Y","/procoagulant","")&IF(Y11="Y","/anticoagulant","")&IF(Z11="Y","/hemorrhagic","")&IF(AA11="Y","/cytotoxic","")&IF(AB11="Y","/myotoxic","")&IF(AC11="Y","/cardiotoxic",""),3,200)) -> Neurotoxic/hemotoxic/procoagulant | G11: =IFERROR(INDEX('LD50 Sources'!$C$2:$C$1000,MATCH($A11,'LD50 Sources'!$L$2:$L$1000,0)),"") -> 0.053 | H11: =IFERROR(INDEX('LD50 Sources'!$D$2:$D$1000,MATCH($A11,'LD50 Sources'!$L$2:$L$1000,0))&"","") -> SC | I11: =IFERROR(INDEX('LD50 Sources'!$H$2:$H$1000,MATCH($A11,'LD50 Sources'!$L$2:$L$1000,0))&"","") -> A | J11: =IF(COUNTIFS('LD50 Sources'!$A$2:$A$1000,$A11,'LD50 Sources'!$K$2:$K$1000,1)<2,"",ROUND(_xlfn.MAXIFS('LD50 Sources'!$C$2:$C$1000,'LD50 Sources'!$A$2:$A$1000,$A11,'LD50 Sources'!$K$2:$K$1000,1)/_xlfn.MINIFS('LD50 Sources'!$C$2:$C$1000,'LD50 Sources'!$A$2:$A$1000,$A11,'LD50 Sources'!$K$2:$K$1000,1),1)) | K11: =IFERROR(INDEX('Yield Sources'!$C$2:$C$1000,MATCH($A11,'Yield Sources'!$N$2:$N$1000,0)),"") -> 2 | L11: =IFERROR(INDEX('Yield Sources'!$D$2:$D$1000,MATCH($A11,'Yield Sources'!$N$2:$N$1000,0)),"") -> 67 | M11: =IFERROR(INDEX('Yield Sources'!$J$2:$J$1000,MATCH($A11,'Yield Sources'!$N$2:$N$1000,0))&"","") -> C | N11: =IF(COUNTIFS('Yield Sources'!$A$2:$A$1000,$A11,'Yield Sources'!$M$2:$M$1000,1)<2,"",ROUND(_xlfn.MAXIFS('Yield Sources'!$D$2:$D$1000,'Yield Sources'!$A$2:$A$1000,$A11,'Yield Sources'!$M$2:$M$1000,1)/_xlfn.MINIFS('Yield Sources'!$D$2:$D$1000,'Yield Sources'!$A$2:$A$1000,$A11,'Yield Sources'!$M$2:$M$1000,1),1)) | O11: 9 | P11: 5 | Q11: Very fast (under 1 h to a few h) | R11: Widely available | S11: =IFERROR(INDEX('Clinical Sources'!$M$2:$M$1000,MATCH($A11&"|Annual deaths",'Clinical Sources'!$N$2:$N$1000,0)),"") -> 1.7 (Australia 2005-2015, all brown snakes) | T11: =IFERROR(INDEX('Clinical Sources'!$M$2:$M$1000,MATCH($A11&"|Case-fatality rate",'Clinical Sources'!$N$2:$N$1000,0)),"") | U11: Clinical: Can cause sudden collapse from cardiovascular effects, sometimes within minutes to an hour, though low venom yield means many bites are milder. Antivenom: Australia. | V11: Y | W11: Y | X11: Y | AD11: Carried from v3.2 text; source needed | AE11: Very common in farmland and suburbs of eastern Australia.
A12: Naja oxiana | B12: Caspian cobra | C12: Central Asian cobra; Oxus cobra | D12: Elapidae | E12: Central Asia, Iran | F12: =IF(COUNTIF(V12:AC12,"Y")=0,"",UPPER(MID(IF(V12="Y","/neurotoxic","")&IF(W12="Y","/hemotoxic","")&IF(X12="Y","/procoagulant","")&IF(Y12="Y","/anticoagulant","")&IF(Z12="Y","/hemorrhagic","")&IF(AA12="Y","/cytotoxic","")&IF(AB12="Y","/myotoxic","")&IF(AC12="Y","/cardiotoxic",""),2,1))&MID(IF(V12="Y","/neurotoxic","")&IF(W12="Y","/hemotoxic","")&IF(X12="Y","/procoagulant","")&IF(Y12="Y","/anticoagulant","")&IF(Z12="Y","/hemorrhagic","")&IF(AA12="Y","/cytotoxic","")&IF(AB12="Y","/myotoxic","")&IF(AC12="Y","/cardiotoxic",""),3,200)) -> Neurotoxic | G12: =IFERROR(INDEX('LD50 Sources'!$C$2:$C$1000,MATCH($A12,'LD50 Sources'!$L$2:$L$1000,0)),"") -> 0.1 | H12: =IFERROR(INDEX('LD50 Sources'!$D$2:$D$1000,MATCH($A12,'LD50 Sources'!$L$2:$L$1000,0))&"","") -> SC | I12: =IFERROR(INDEX('LD50 Sources'!$H$2:$H$1000,MATCH($A12,'LD50 Sources'!$L$2:$L$1000,0))&"","") -> C | J12: =IF(COUNTIFS('LD50 Sources'!$A$2:$A$1000,$A12,'LD50 Sources'!$K$2:$K$1000,1)<2,"",ROUND(_xlfn.MAXIFS('LD50 Sources'!$C$2:$C$1000,'LD50 Sources'!$A$2:$A$1000,$A12,'LD50 Sources'!$K$2:$K$1000,1)/_xlfn.MINIFS('LD50 Sources'!$C$2:$C$1000,'LD50 Sources'!$A$2:$A$1000,$A12,'LD50 Sources'!$K$2:$K$1000,1),1)) | K12: =IFERROR(INDEX('Yield Sources'!$C$2:$C$1000,MATCH($A12,'Yield Sources'!$N$2:$N$1000,0)),"") -> 66 | L12: =IFERROR(INDEX('Yield Sources'!$D$2:$D$1000,MATCH($A12,'Yield Sources'!$N$2:$N$1000,0)),"") -> 124 | M12: =IFERROR(INDEX('Yield Sources'!$J$2:$J$1000,MATCH($A12,'Yield Sources'!$N$2:$N$1000,0))&"","") -> C | N12: =IF(COUNTIFS('Yield Sources'!$A$2:$A$1000,$A12,'Yield Sources'!$M$2:$M$1000,1)<2,"",ROUND(_xlfn.MAXIFS('Yield Sources'!$D$2:$D$1000,'Yield Sources'!$A$2:$A$1000,$A12,'Yield Sources'!$M$2:$M$1000,1)/_xlfn.MINIFS('Yield Sources'!$D$2:$D$1000,'Yield Sources'!$A$2:$A$1000,$A12,'Yield Sources'!$M$2:$M$1000,1),1)) | O12: 7 | P12: 3 | Q12: Fast (hours) | R12: Limited | S12: =IFERROR(INDEX('Clinical Sources'!$M$2:$M$1000,MATCH($A12&"|Annual deaths",'Clinical Sources'!$N$2:$N$1000,0)),"") | T12: =IFERROR(INDEX('Clinical Sources'!$M$2:$M$1000,MATCH($A12&"|Case-fatality rate",'Clinical Sources'!$N$2:$N$1000,0)),"") | U12: Clinical: Neurotoxic paralysis typically progresses over a few hours untreated. | V12: Y | AD12: Carried from v3.2 text; source needed | AE12: Farmland and foothills of Central Asia and Iran.
A13: Crotalus scutulatus | B13: Mojave rattlesnake | C13: Mohave green | D13: Viperidae | E13: SW USA, Mexico | F13: =IF(COUNTIF(V13:AC13,"Y")=0,"",UPPER(MID(IF(V13="Y","/neurotoxic","")&IF(W13="Y","/hemotoxic","")&IF(X13="Y","/procoagulant","")&IF(Y13="Y","/anticoagulant","")&IF(Z13="Y","/hemorrhagic","")&IF(AA13="Y","/cytotoxic","")&IF(AB13="Y","/myotoxic","")&IF(AC13="Y","/cardiotoxic",""),2,1))&MID(IF(V13="Y","/neurotoxic","")&IF(W13="Y","/hemotoxic","")&IF(X13="Y","/procoagulant","")&IF(Y13="Y","/anticoagulant","")&IF(Z13="Y","/hemorrhagic","")&IF(AA13="Y","/cytotoxic","")&IF(AB13="Y","/myotoxic","")&IF(AC13="Y","/cardiotoxic",""),3,200)) -> Neurotoxic/hemotoxic | G13: =IFERROR(INDEX('LD50 Sources'!$C$2:$C$1000,MATCH($A13,'LD50 Sources'!$L$2:$L$1000,0)),"") -> 0.18 | H13: =IFERROR(INDEX('LD50 Sources'!$D$2:$D$1000,MATCH($A13,'LD50 Sources'!$L$2:$L$1000,0))&"","") -> SC | I13: =IFERROR(INDEX('LD50 Sources'!$H$2:$H$1000,MATCH($A13,'LD50 Sources'!$L$2:$L$1000,0))&"","") -> C | J13: =IF(COUNTIFS('LD50 Sources'!$A$2:$A$1000,$A13,'LD50 Sources'!$K$2:$K$1000,1)<2,"",ROUND(_xlfn.MAXIFS('LD50 Sources'!$C$2:$C$1000,'LD50 Sources'!$A$2:$A$1000,$A13,'LD50 Sources'!$K$2:$K$1000,1)/_xlfn.MINIFS('LD50 Sources'!$C$2:$C$1000,'LD50 Sources'!$A$2:$A$1000,$A13,'LD50 Sources'!$K$2:$K$1000,1),1)) | K13: =IFERROR(INDEX('Yield Sources'!$C$2:$C$1000,MATCH($A13,'Yield Sources'!$N$2:$N$1000,0)),"") -> 50 | L13: =IFERROR(INDEX('Yield Sources'!$D$2:$D$1000,MATCH($A13,'Yield Sources'!$N$2:$N$1000,0)),"") -> 150 | M13: =IFERROR(INDEX('Yield Sources'!$J$2:$J$1000,MATCH($A13,'Yield Sources'!$N$2:$N$1000,0))&"","") -> C | N13: =IF(COUNTIFS('Yield Sources'!$A$2:$A$1000,$A13,'Yield Sources'!$M$2:$M$1000,1)<2,"",ROUND(_xlfn.MAXIFS('Yield Sources'!$D$2:$D$1000,'Yield Sources'!$A$2:$A$1000,$A13,'Yield Sources'!$M$2:$M$1000,1)/_xlfn.MINIFS('Yield Sources'!$D$2:$D$1000,'Yield Sources'!$A$2:$A$1000,$A13,'Yield Sources'!$M$2:$M$1000,1),1)) | O13: 4 | P13: 3 | Q13: Moderate (6-24 h) | R13: Widely available | S13: =IFERROR(INDEX('Clinical Sources'!$M$2:$M$1000,MATCH($A13&"|Annual deaths",'Clinical Sources'!$N$2:$N$1000,0)),"") | T13: =IFERROR(INDEX('Clinical Sources'!$M$2:$M$1000,MATCH($A13&"|Case-fatality rate",'Clinical Sources'!$N$2:$N$1000,0)),"") | U13: Taxonomy: Type A venom = neurotoxic Mojave toxin population. Clinical: Type A neurotoxin causes progressive weakness/paralysis over hours; local tissue damage is often mild relative to other rattlesnakes. Antivenom: USA. | V13: Y | W13: Y | AD13: Carried from v3.2 text; source needed | AE13: Desert and grassland of SW USA and Mexico; met by hikers and ranchers.
A14: Naja philippinensis | B14: Philippine cobra | C14: Northern Philippine cobra | D14: Elapidae | E14: Philippines | F14: =IF(COUNTIF(V14:AC14,"Y")=0,"",UPPER(MID(IF(V14="Y","/neurotoxic","")&IF(W14="Y","/hemotoxic","")&IF(X14="Y","/procoagulant","")&IF(Y14="Y","/anticoagulant","")&IF(Z14="Y","/hemorrhagic","")&IF(AA14="Y","/cytotoxic","")&IF(AB14="Y","/myotoxic","")&IF(AC14="Y","/cardiotoxic",""),2,1))&MID(IF(V14="Y","/neurotoxic","")&IF(W14="Y","/hemotoxic","")&IF(X14="Y","/procoagulant","")&IF(Y14="Y","/anticoagulant","")&IF(Z14="Y","/hemorrhagic","")&IF(AA14="Y","/cytotoxic","")&IF(AB14="Y","/myotoxic","")&IF(AC14="Y","/cardiotoxic",""),3,200)) -> Neurotoxic | G14: =IFERROR(INDEX('LD50 Sources'!$C$2:$C$1000,MATCH($A14,'LD50 Sources'!$L$2:$L$1000,0)),"") -> 0.14 | H14: =IFERROR(INDEX('LD50 Sources'!$D$2:$D$1000,MATCH($A14,'LD50 Sources'!$L$2:$L$1000,0))&"","") -> SC | I14: =IFERROR(INDEX('LD50 Sources'!$H$2:$H$1000,MATCH($A14,'LD50 Sources'!$L$2:$L$1000,0))&"","") -> C | J14: =IF(COUNTIFS('LD50 Sources'!$A$2:$A$1000,$A14,'LD50 Sources'!$K$2:$K$1000,1)<2,"",ROUND(_xlfn.MAXIFS('LD50 Sources'!$C$2:$C$1000,'LD50 Sources'!$A$2:$A$1000,$A14,'LD50 Sources'!$K$2:$K$1000,1)/_xlfn.MINIFS('LD50 Sources'!$C$2:$C$1000,'LD50 Sources'!$A$2:$A$1000,$A14,'LD50 Sources'!$K$2:$K$1000,1),1)) | K14: =IFERROR(INDEX('Yield Sources'!$C$2:$C$1000,MATCH($A14,'Yield Sources'!$N$2:$N$1000,0)),"") -> 90 | L14: =IFERROR(INDEX('Yield Sources'!$D$2:$D$1000,MATCH($A14,'Yield Sources'!$N$2:$N$1000,0)),"") -> 100 | M14: =IFERROR(INDEX('Yield Sources'!$J$2:$J$1000,MATCH($A14,'Yield Sources'!$N$2:$N$1000,0))&"","") -> C | N14: =IF(COUNTIFS('Yield Sources'!$A$2:$A$1000,$A14,'Yield Sources'!$M$2:$M$1000,1)<2,"",ROUND(_xlfn.MAXIFS('Yield Sources'!$D$2:$D$1000,'Yield Sources'!$A$2:$A$1000,$A14,'Yield Sources'!$M$2:$M$1000,1)/_xlfn.MINIFS('Yield Sources'!$D$2:$D$1000,'Yield Sources'!$A$2:$A$1000,$A14,'Yield Sources'!$M$2:$M$1000,1),1)) | O14: 7 | P14: 3 | Q14: Very fast (under 1 h to a few h) | R14: Regional | S14: =IFERROR(INDEX('Clinical Sources'!$M$2:$M$1000,MATCH($A14&"|Annual deaths",'Clinical Sources'!$N$2:$N$1000,0)),"") | T14: =IFERROR(INDEX('Clinical Sources'!$M$2:$M$1000,MATCH($A14&"|Case-fatality rate",'Clinical Sources'!$N$2:$N$1000,0)),"") | U14: Clinical: Respiratory paralysis can progress rapidly; considered one of the faster-acting cobra venoms. | V14: Y | AD14: Carried from v3.2 text; source needed | AE14: Common in rice fields and farmland in the Philippines.
A15: Crotalus adamanteus | B15: Eastern diamondback rattlesnake | D15: Viperidae | E15: SE USA | F15: =IF(COUNTIF(V15:AC15,"Y")=0,"",UPPER(MID(IF(V15="Y","/neurotoxic","")&IF(W15="Y","/hemotoxic","")&IF(X15="Y","/procoagulant","")&IF(Y15="Y","/anticoagulant","")&IF(Z15="Y","/hemorrhagic","")&IF(AA15="Y","/cytotoxic","")&IF(AB15="Y","/myotoxic","")&IF(AC15="Y","/cardiotoxic",""),2,1))&MID(IF(V15="Y","/neurotoxic","")&IF(W15="Y","/hemotoxic","")&IF(X15="Y","/procoagulant","")&IF(Y15="Y","/anticoagulant","")&IF(Z15="Y","/hemorrhagic","")&IF(AA15="Y","/cytotoxic","")&IF(AB15="Y","/myotoxic","")&IF(AC15="Y","/cardiotoxic",""),3,200)) -> Hemotoxic | G15: =IFERROR(INDEX('LD50 Sources'!$C$2:$C$1000,MATCH($A15,'LD50 Sources'!$L$2:$L$1000,0)),"") -> 1.2 | H15: =IFERROR(INDEX('LD50 Sources'!$D$2:$D$1000,MATCH($A15,'LD50 Sources'!$L$2:$L$1000,0))&"","") -> SC | I15: =IFERROR(INDEX('LD50 Sources'!$H$2:$H$1000,MATCH($A15,'LD50 Sources'!$L$2:$L$1000,0))&"","") -> D | J15: =IF(COUNTIFS('LD50 Sources'!$A$2:$A$1000,$A15,'LD50 Sources'!$K$2:$K$1000,1)<2,"",ROUND(_xlfn.MAXIFS('LD50 Sources'!$C$2:$C$1000,'LD50 Sources'!$A$2:$A$1000,$A15,'LD50 Sources'!$K$2:$K$1000,1)/_xlfn.MINIFS('LD50 Sources'!$C$2:$C$1000,'LD50 Sources'!$A$2:$A$1000,$A15,'LD50 Sources'!$K$2:$K$1000,1),1)) -> 9.5 | K15: =IFERROR(INDEX('Yield Sources'!$C$2:$C$1000,MATCH($A15,'Yield Sources'!$N$2:$N$1000,0)),"") -> 200 | L15: =IFERROR(INDEX('Yield Sources'!$D$2:$D$1000,MATCH($A15,'Yield Sources'!$N$2:$N$1000,0)),"") -> 850 | M15: =IFERROR(INDEX('Yield Sources'!$J$2:$J$1000,MATCH($A15,'Yield Sources'!$N$2:$N$1000,0))&"","") -> C | N15: =IF(COUNTIFS('Yield Sources'!$A$2:$A$1000,$A15,'Yield Sources'!$M$2:$M$1000,1)<2,"",ROUND(_xlfn.MAXIFS('Yield Sources'!$D$2:$D$1000,'Yield Sources'!$A$2:$A$1000,$A15,'Yield Sources'!$M$2:$M$1000,1)/_xlfn.MINIFS('Yield Sources'!$D$2:$D$1000,'Yield Sources'!$A$2:$A$1000,$A15,'Yield Sources'!$M$2:$M$1000,1),1)) | O15: 4 | P15: 3 | Q15: Slow (24 h or more) | R15: Widely available | S15: =IFERROR(INDEX('Clinical Sources'!$M$2:$M$1000,MATCH($A15&"|Annual deaths",'Clinical Sources'!$N$2:$N$1000,0)),"") -> <1 (USA) * | T15: =IFERROR(INDEX('Clinical Sources'!$M$2:$M$1000,MATCH($A15&"|Case-fatality rate",'Clinical Sources'!$N$2:$N$1000,0)),"") | U15: Clinical: Severe local tissue destruction, swelling and shock progress over 1-2 days without treatment. Antivenom: USA. | W15: Y | AD15: Carried from v3.2 text; source needed | AE15: Pine woods and scrub of SE USA; met occasionally.
A16: Bothrops jararacussu | B16: Jararacussu | D16: Viperidae | E16: Brazil (Atlantic Forest) | F16: =IF(COUNTIF(V16:AC16,"Y")=0,"",UPPER(MID(IF(V16="Y","/neurotoxic","")&IF(W16="Y","/hemotoxic","")&IF(X16="Y","/procoagulant","")&IF(Y16="Y","/anticoagulant","")&IF(Z16="Y","/hemorrhagic","")&IF(AA16="Y","/cytotoxic","")&IF(AB16="Y","/myotoxic","")&IF(AC16="Y","/cardiotoxic",""),2,1))&MID(IF(V16="Y","/neurotoxic","")&IF(W16="Y","/hemotoxic","")&IF(X16="Y","/procoagulant","")&IF(Y16="Y","/anticoagulant","")&IF(Z16="Y","/hemorrhagic","")&IF(AA16="Y","/cytotoxic","")&IF(AB16="Y","/myotoxic","")&IF(AC16="Y","/cardiotoxic",""),3,200)) -> Hemotoxic | G16: =IFERROR(INDEX('LD50 Sources'!$C$2:$C$1000,MATCH($A16,'LD50 Sources'!$L$2:$L$1000,0)),"") -> 0.46 | H16: =IFERROR(INDEX('LD50 Sources'!$D$2:$D$1000,MATCH($A16,'LD50 Sources'!$L$2:$L$1000,0))&"","") -> SC | I16: =IFERROR(INDEX('LD50 Sources'!$H$2:$H$1000,MATCH($A16,'LD50 Sources'!$L$2:$L$1000,0))&"","") -> C | J16: =IF(COUNTIFS('LD50 Sources'!$A$2:$A$1000,$A16,'LD50 Sources'!$K$2:$K$1000,1)<2,"",ROUND(_xlfn.MAXIFS('LD50 Sources'!$C$2:$C$1000,'LD50 Sources'!$A$2:$A$1000,$A16,'LD50 Sources'!$K$2:$K$1000,1)/_xlfn.MINIFS('LD50 Sources'!$C$2:$C$1000,'LD50 Sources'!$A$2:$A$1000,$A16,'LD50 Sources'!$K$2:$K$1000,1),1)) | K16: =IFERROR(INDEX('Yield Sources'!$C$2:$C$1000,MATCH($A16,'Yield Sources'!$N$2:$N$1000,0)),"") -> 200 | L16: =IFERROR(INDEX('Yield Sources'!$D$2:$D$1000,MATCH($A16,'Yield Sources'!$N$2:$N$1000,0)),"") -> 321 | M16: =IFERROR(INDEX('Yield Sources'!$J$2:$J$1000,MATCH($A16,'Yield Sources'!$N$2:$N$1000,0))&"","") -> C | N16: =IF(COUNTIFS('Yield Sources'!$A$2:$A$1000,$A16,'Yield Sources'!$M$2:$M$1000,1)<2,"",ROUND(_xlfn.MAXIFS('Yield Sources'!$D$2:$D$1000,'Yield Sources'!$A$2:$A$1000,$A16,'Yield Sources'!$M$2:$M$1000,1)/_xlfn.MINIFS('Yield Sources'!$D$2:$D$1000,'Yield Sources'!$A$2:$A$1000,$A16,'Yield Sources'!$M$2:$M$1000,1),1)) | O16: 5 | P16: 4 | Q16: Moderate-slow (hours to days) | R16: Regional | S16: =IFERROR(INDEX('Clinical Sources'!$M$2:$M$1000,MATCH($A16&"|Annual deaths",'Clinical Sources'!$N$2:$N$1000,0)),"") | T16: =IFERROR(INDEX('Clinical Sources'!$M$2:$M$1000,MATCH($A16&"|Case-fatality rate",'Clinical Sources'!$N$2:$N$1000,0)),"") | U16: Clinical: Severe tissue damage and coagulopathy develop over hours to a couple of days. Antivenom: Brazil. | W16: Y | AD16: Carried from v3.2 text; source needed | AE16: Atlantic Forest of Brazil, including farmland edges.
A17: Crotalus durissus | B17: Neotropical rattlesnake | C17: South American rattlesnake; Cascavel | D17: Viperidae | E17: South America | F17: =IF(COUNTIF(V17:AC17,"Y")=0,"",UPPER(MID(IF(V17="Y","/neurotoxic","")&IF(W17="Y","/hemotoxic","")&IF(X17="Y","/procoagulant","")&IF(Y17="Y","/anticoagulant","")&IF(Z17="Y","/hemorrhagic","")&IF(AA17="Y","/cytotoxic","")&IF(AB17="Y","/myotoxic","")&IF(AC17="Y","/cardiotoxic",""),2,1))&MID(IF(V17="Y","/neurotoxic","")&IF(W17="Y","/hemotoxic","")&IF(X17="Y","/procoagulant","")&IF(Y17="Y","/anticoagulant","")&IF(Z17="Y","/hemorrhagic","")&IF(AA17="Y","/cytotoxic","")&IF(AB17="Y","/myotoxic","")&IF(AC17="Y","/cardiotoxic",""),3,200)) -> Neurotoxic/myotoxic | G17: =IFERROR(INDEX('LD50 Sources'!$C$2:$C$1000,MATCH($A17,'LD50 Sources'!$L$2:$L$1000,0)),"") -> 0.17 | H17: =IFERROR(INDEX('LD50 Sources'!$D$2:$D$1000,MATCH($A17,'LD50 Sources'!$L$2:$L$1000,0))&"","") -> SC | I17: =IFERROR(INDEX('LD50 Sources'!$H$2:$H$1000,MATCH($A17,'LD50 Sources'!$L$2:$L$1000,0))&"","") -> C | J17: =IF(COUNTIFS('LD50 Sources'!$A$2:$A$1000,$A17,'LD50 Sources'!$K$2:$K$1000,1)<2,"",ROUND(_xlfn.MAXIFS('LD50 Sources'!$C$2:$C$1000,'LD50 Sources'!$A$2:$A$1000,$A17,'LD50 Sources'!$K$2:$K$1000,1)/_xlfn.MINIFS('LD50 Sources'!$C$2:$C$1000,'LD50 Sources'!$A$2:$A$1000,$A17,'LD50 Sources'!$K$2:$K$1000,1),1)) | K17: =IFERROR(INDEX('Yield Sources'!$C$2:$C$1000,MATCH($A17,'Yield Sources'!$N$2:$N$1000,0)),"") -> 20 | L17: =IFERROR(INDEX('Yield Sources'!$D$2:$D$1000,MATCH($A17,'Yield Sources'!$N$2:$N$1000,0)),"") -> 100 | M17: =IFERROR(INDEX('Yield Sources'!$J$2:$J$1000,MATCH($A17,'Yield Sources'!$N$2:$N$1000,0))&"","") -> C | N17: =IF(COUNTIFS('Yield Sources'!$A$2:$A$1000,$A17,'Yield Sources'!$M$2:$M$1000,1)<2,"",ROUND(_xlfn.MAXIFS('Yield Sources'!$D$2:$D$1000,'Yield Sources'!$A$2:$A$1000,$A17,'Yield Sources'!$M$2:$M$1000,1)/_xlfn.MINIFS('Yield Sources'!$D$2:$D$1000,'Yield Sources'!$A$2:$A$1000,$A17,'Yield Sources'!$M$2:$M$1000,1),1)) -> 3 | O17: 6 | P17: 3 | Q17: Fast (hours) | R17: Regional | S17: =IFERROR(INDEX('Clinical Sources'!$M$2:$M$1000,MATCH($A17&"|Annual deaths",'Clinical Sources'!$N$2:$N$1000,0)),"") | T17: =IFERROR(INDEX('Clinical Sources'!$M$2:$M$1000,MATCH($A17&"|Case-fatality rate",'Clinical Sources'!$N$2:$N$1000,0)),"") | U17: Clinical: Neurotoxic paralysis and muscle breakdown can progress within hours untreated. | V17: Y | AB17: Y | AD17: Carried from v3.2 text; source needed | AE17: Widespread in open country across South America, including farmland.
A18: Ophiophagus hannah | B18: King cobra | D18: Elapidae | E18: South & Southeast Asia | F18: =IF(COUNTIF(V18:AC18,"Y")=0,"",UPPER(MID(IF(V18="Y","/neurotoxic","")&IF(W18="Y","/hemotoxic","")&IF(X18="Y","/procoagulant","")&IF(Y18="Y","/anticoagulant","")&IF(Z18="Y","/hemorrhagic","")&IF(AA18="Y","/cytotoxic","")&IF(AB18="Y","/myotoxic","")&IF(AC18="Y","/cardiotoxic",""),2,1))&MID(IF(V18="Y","/neurotoxic","")&IF(W18="Y","/hemotoxic","")&IF(X18="Y","/procoagulant","")&IF(Y18="Y","/anticoagulant","")&IF(Z18="Y","/hemorrhagic","")&IF(AA18="Y","/cytotoxic","")&IF(AB18="Y","/myotoxic","")&IF(AC18="Y","/cardiotoxic",""),3,200)) -> Neurotoxic | G18: =IFERROR(INDEX('LD50 Sources'!$C$2:$C$1000,MATCH($A18,'LD50 Sources'!$L$2:$L$1000,0)),"") -> 0.9 | H18: =IFERROR(INDEX('LD50 Sources'!$D$2:$D$1000,MATCH($A18,'LD50 Sources'!$L$2:$L$1000,0))&"","") -> SC | I18: =IFERROR(INDEX('LD50 Sources'!$H$2:$H$1000,MATCH($A18,'LD50 Sources'!$L$2:$L$1000,0))&"","") -> D | J18: =IF(COUNTIFS('LD50 Sources'!$A$2:$A$1000,$A18,'LD50 Sources'!$K$2:$K$1000,1)<2,"",ROUND(_xlfn.MAXIFS('LD50 Sources'!$C$2:$C$1000,'LD50 Sources'!$A$2:$A$1000,$A18,'LD50 Sources'!$K$2:$K$1000,1)/_xlfn.MINIFS('LD50 Sources'!$C$2:$C$1000,'LD50 Sources'!$A$2:$A$1000,$A18,'LD50 Sources'!$K$2:$K$1000,1),1)) -> 2 | K18: =IFERROR(INDEX('Yield Sources'!$C$2:$C$1000,MATCH($A18,'Yield Sources'!$N$2:$N$1000,0)),"") -> 350 | L18: =IFERROR(INDEX('Yield Sources'!$D$2:$D$1000,MATCH($A18,'Yield Sources'!$N$2:$N$1000,0)),"") -> 500 | M18: =IFERROR(INDEX('Yield Sources'!$J$2:$J$1000,MATCH($A18,'Yield Sources'!$N$2:$N$1000,0))&"","") -> C | N18: =IF(COUNTIFS('Yield Sources'!$A$2:$A$1000,$A18,'Yield Sources'!$M$2:$M$1000,1)<2,"",ROUND(_xlfn.MAXIFS('Yield Sources'!$D$2:$D$1000,'Yield Sources'!$A$2:$A$1000,$A18,'Yield Sources'!$M$2:$M$1000,1)/_xlfn.MINIFS('Yield Sources'!$D$2:$D$1000,'Yield Sources'!$A$2:$A$1000,$A18,'Yield Sources'!$M$2:$M$1000,1),1)) | O18: 3 | P18: 2 | Q18: Fast (hours) | R18: Regional | S18: =IFERROR(INDEX('Clinical Sources'!$M$2:$M$1000,MATCH($A18&"|Annual deaths",'Clinical Sources'!$N$2:$N$1000,0)),"") | T18: =IFERROR(INDEX('Clinical Sources'!$M$2:$M$1000,MATCH($A18&"|Case-fatality rate",'Clinical Sources'!$N$2:$N$1000,0)),"") | U18: Taxonomy: Now a species complex (4 spp., 2024); held LD50 may describe a different population. Clinical: Enormous venom dose can cause rapid respiratory paralysis despite only moderate per-mg toxicity. | V18: Y | AD18: Carried from v3.2 text; source needed | AE18: Forests of South and Southeast Asia; tends to avoid people.
A19: Naja naja | B19: Indian cobra | C19: Spectacled cobra; Asian cobra | D19: Elapidae | E19: Indian subcontinent | F19: =IF(COUNTIF(V19:AC19,"Y")=0,"",UPPER(MID(IF(V19="Y","/neurotoxic","")&IF(W19="Y","/hemotoxic","")&IF(X19="Y","/procoagulant","")&IF(Y19="Y","/anticoagulant","")&IF(Z19="Y","/hemorrhagic","")&IF(AA19="Y","/cytotoxic","")&IF(AB19="Y","/myotoxic","")&IF(AC19="Y","/cardiotoxic",""),2,1))&MID(IF(V19="Y","/neurotoxic","")&IF(W19="Y","/hemotoxic","")&IF(X19="Y","/procoagulant","")&IF(Y19="Y","/anticoagulant","")&IF(Z19="Y","/hemorrhagic","")&IF(AA19="Y","/cytotoxic","")&IF(AB19="Y","/myotoxic","")&IF(AC19="Y","/cardiotoxic",""),3,200)) -> Neurotoxic/cytotoxic | G19: =IFERROR(INDEX('LD50 Sources'!$C$2:$C$1000,MATCH($A19,'LD50 Sources'!$L$2:$L$1000,0)),"") -> 0.45 | H19: =IFERROR(INDEX('LD50 Sources'!$D$2:$D$1000,MATCH($A19,'LD50 Sources'!$L$2:$L$1000,0))&"","") -> SC | I19: =IFERROR(INDEX('LD50 Sources'!$H$2:$H$1000,MATCH($A19,'LD50 Sources'!$L$2:$L$1000,0))&"","") -> D | J19: =IF(COUNTIFS('LD50 Sources'!$A$2:$A$1000,$A19,'LD50 Sources'!$K$2:$K$1000,1)<2,"",ROUND(_xlfn.MAXIFS('LD50 Sources'!$C$2:$C$1000,'LD50 Sources'!$A$2:$A$1000,$A19,'LD50 Sources'!$K$2:$K$1000,1)/_xlfn.MINIFS('LD50 Sources'!$C$2:$C$1000,'LD50 Sources'!$A$2:$A$1000,$A19,'LD50 Sources'!$K$2:$K$1000,1),1)) -> 1.3 | K19: =IFERROR(INDEX('Yield Sources'!$C$2:$C$1000,MATCH($A19,'Yield Sources'!$N$2:$N$1000,0)),"") -> 169 | L19: =IFERROR(INDEX('Yield Sources'!$D$2:$D$1000,MATCH($A19,'Yield Sources'!$N$2:$N$1000,0)),"") -> 250 | M19: =IFERROR(INDEX('Yield Sources'!$J$2:$J$1000,MATCH($A19,'Yield Sources'!$N$2:$N$1000,0))&"","") -> C | N19: =IF(COUNTIFS('Yield Sources'!$A$2:$A$1000,$A19,'Yield Sources'!$M$2:$M$1000,1)<2,"",ROUND(_xlfn.MAXIFS('Yield Sources'!$D$2:$D$1000,'Yield Sources'!$A$2:$A$1000,$A19,'Yield Sources'!$M$2:$M$1000,1)/_xlfn.MINIFS('Yield Sources'!$D$2:$D$1000,'Yield Sources'!$A$2:$A$1000,$A19,'Yield Sources'!$M$2:$M$1000,1),1)) | O19: 10 | P19: 3 | Q19: Fast (hours) | R19: Widely available | S19: =IFERROR(INDEX('Clinical Sources'!$M$2:$M$1000,MATCH($A19&"|Annual deaths",'Clinical Sources'!$N$2:$N$1000,0)),"") | T19: =IFERROR(INDEX('Clinical Sources'!$M$2:$M$1000,MATCH($A19&"|Case-fatality rate",'Clinical Sources'!$N$2:$N$1000,0)),"") | U19: Clinical: Respiratory paralysis typically develops within a few hours untreated. Antivenom: India. | V19: Y | AA19: Y | AD19: Carried from v3.2 text; source needed | AE19: Very common around villages and farmland across the Indian subcontinent.
A20: Echis carinatus | B20: Saw-scaled viper | C20: Indian saw-scaled viper | D20: Viperidae | E20: Africa, Middle East, South Asia | F20: =IF(COUNTIF(V20:AC20,"Y")=0,"",UPPER(MID(IF(V20="Y","/neurotoxic","")&IF(W20="Y","/hemotoxic","")&IF(X20="Y","/procoagulant","")&IF(Y20="Y","/anticoagulant","")&IF(Z20="Y","/hemorrhagic","")&IF(AA20="Y","/cytotoxic","")&IF(AB20="Y","/myotoxic","")&IF(AC20="Y","/cardiotoxic",""),2,1))&MID(IF(V20="Y","/neurotoxic","")&IF(W20="Y","/hemotoxic","")&IF(X20="Y","/procoagulant","")&IF(Y20="Y","/anticoagulant","")&IF(Z20="Y","/hemorrhagic","")&IF(AA20="Y","/cytotoxic","")&IF(AB20="Y","/myotoxic","")&IF(AC20="Y","/cardiotoxic",""),3,200)) -> Hemotoxic | G20: =IFERROR(INDEX('LD50 Sources'!$C$2:$C$1000,MATCH($A20,'LD50 Sources'!$L$2:$L$1000,0)),"") -> 0.15 | H20: =IFERROR(INDEX('LD50 Sources'!$D$2:$D$1000,MATCH($A20,'LD50 Sources'!$L$2:$L$1000,0))&"","") -> SC | I20: =IFERROR(INDEX('LD50 Sources'!$H$2:$H$1000,MATCH($A20,'LD50 Sources'!$L$2:$L$1000,0))&"","") -> C | J20: =IF(COUNTIFS('LD50 Sources'!$A$2:$A$1000,$A20,'LD50 Sources'!$K$2:$K$1000,1)<2,"",ROUND(_xlfn.MAXIFS('LD50 Sources'!$C$2:$C$1000,'LD50 Sources'!$A$2:$A$1000,$A20,'LD50 Sources'!$K$2:$K$1000,1)/_xlfn.MINIFS('LD50 Sources'!$C$2:$C$1000,'LD50 Sources'!$A$2:$A$1000,$A20,'LD50 Sources'!$K$2:$K$1000,1),1)) | K20: =IFERROR(INDEX('Yield Sources'!$C$2:$C$1000,MATCH($A20,'Yield Sources'!$N$2:$N$1000,0)),"") -> 5 | L20: =IFERROR(INDEX('Yield Sources'!$D$2:$D$1000,MATCH($A20,'Yield Sources'!$N$2:$N$1000,0)),"") -> 70 | M20: =IFERROR(INDEX('Yield Sources'!$J$2:$J$1000,MATCH($A20,'Yield Sources'!$N$2:$N$1000,0))&"","") -> C | N20: =IF(COUNTIFS('Yield Sources'!$A$2:$A$1000,$A20,'Yield Sources'!$M$2:$M$1000,1)<2,"",ROUND(_xlfn.MAXIFS('Yield Sources'!$D$2:$D$1000,'Yield Sources'!$A$2:$A$1000,$A20,'Yield Sources'!$M$2:$M$1000,1)/_xlfn.MINIFS('Yield Sources'!$D$2:$D$1000,'Yield Sources'!$A$2:$A$1000,$A20,'Yield Sources'!$M$2:$M$1000,1),1)) | O20: 10 | P20: 5 | Q20: Slow (24 h or more) | R20: Widely available | S20: =IFERROR(INDEX('Clinical Sources'!$M$2:$M$1000,MATCH($A20&"|Annual deaths",'Clinical Sources'!$N$2:$N$1000,0)),"") | T20: =IFERROR(INDEX('Clinical Sources'!$M$2:$M$1000,MATCH($A20&"|Case-fatality rate",'Clinical Sources'!$N$2:$N$1000,0)),"") | U20: Taxonomy: Echis is a species complex; this row is E. carinatus sensu stricto. COVERAGE GAP: E. ocellatus and E. romani, which cause most West African saw-scaled viper deaths, have no rows yet. Clinical: Death usually results from internal bleeding and kidney failure over 1-2+ days, not rapid collapse - the fast STRIKE is not the same as a fast death. Antivenom: India. | W20: Y | AD20: Carried from v3.2 text; source needed | AE20: Extremely common in dry farmland across its range; bites often happen in fields.
A21: Cerastes cerastes | B21: Desert horned viper | C21: Saharan horned viper | D21: Viperidae | E21: North Africa, Middle East | F21: =IF(COUNTIF(V21:AC21,"Y")=0,"",UPPER(MID(IF(V21="Y","/neurotoxic","")&IF(W21="Y","/hemotoxic","")&IF(X21="Y","/procoagulant","")&IF(Y21="Y","/anticoagulant","")&IF(Z21="Y","/hemorrhagic","")&IF(AA21="Y","/cytotoxic","")&IF(AB21="Y","/myotoxic","")&IF(AC21="Y","/cardiotoxic",""),2,1))&MID(IF(V21="Y","/neurotoxic","")&IF(W21="Y","/hemotoxic","")&IF(X21="Y","/procoagulant","")&IF(Y21="Y","/anticoagulant","")&IF(Z21="Y","/hemorrhagic","")&IF(AA21="Y","/cytotoxic","")&IF(AB21="Y","/myotoxic","")&IF(AC21="Y","/cardiotoxic",""),3,200)) -> Hemotoxic | G21: =IFERROR(INDEX('LD50 Sources'!$C$2:$C$1000,MATCH($A21,'LD50 Sources'!$L$2:$L$1000,0)),"") -> 0.1 | H21: =IFERROR(INDEX('LD50 Sources'!$D$2:$D$1000,MATCH($A21,'LD50 Sources'!$L$2:$L$1000,0))&"","") -> SC | I21: =IFERROR(INDEX('LD50 Sources'!$H$2:$H$1000,MATCH($A21,'LD50 Sources'!$L$2:$L$1000,0))&"","") -> C | J21: =IF(COUNTIFS('LD50 Sources'!$A$2:$A$1000,$A21,'LD50 Sources'!$K$2:$K$1000,1)<2,"",ROUND(_xlfn.MAXIFS('LD50 Sources'!$C$2:$C$1000,'LD50 Sources'!$A$2:$A$1000,$A21,'LD50 Sources'!$K$2:$K$1000,1)/_xlfn.MINIFS('LD50 Sources'!$C$2:$C$1000,'LD50 Sources'!$A$2:$A$1000,$A21,'LD50 Sources'!$K$2:$K$1000,1),1)) | K21: =IFERROR(INDEX('Yield Sources'!$C$2:$C$1000,MATCH($A21,'Yield Sources'!$N$2:$N$1000,0)),"") -> 20 | L21: =IFERROR(INDEX('Yield Sources'!$D$2:$D$1000,MATCH($A21,'Yield Sources'!$N$2:$N$1000,0)),"") -> 45 | M21: =IFERROR(INDEX('Yield Sources'!$J$2:$J$1000,MATCH($A21,'Yield Sources'!$N$2:$N$1000,0))&"","") -> C | N21: =IF(COUNTIFS('Yield Sources'!$A$2:$A$1000,$A21,'Yield Sources'!$M$2:$M$1000,1)<2,"",ROUND(_xlfn.MAXIFS('Yield Sources'!$D$2:$D$1000,'Yield Sources'!$A$2:$A$1000,$A21,'Yield Sources'!$M$2:$M$1000,1)/_xlfn.MINIFS('Yield Sources'!$D$2:$D$1000,'Yield Sources'!$A$2:$A$1000,$A21,'Yield Sources'!$M$2:$M$1000,1),1)) | O21: 4 | P21: 2 | Q21: Moderate-slow (hours to days) | R21: Regional | S21: =IFERROR(INDEX('Clinical Sources'!$M$2:$M$1000,MATCH($A21&"|Annual deaths",'Clinical Sources'!$N$2:$N$1000,0)),"") | T21: =IFERROR(INDEX('Clinical Sources'!$M$2:$M$1000,MATCH($A21&"|Case-fatality rate",'Clinical Sources'!$N$2:$N$1000,0)),"") | U21: Clinical: Local tissue damage and coagulopathy progress over a day or more. | W21: Y | AD21: Carried from v3.2 text; source needed | AE21: Sandy deserts of North Africa and the Middle East, where few people live.
A22: Acanthophis antarcticus | B22: Common death adder | D22: Elapidae | E22: Australia, New Guinea | F22: =IF(COUNTIF(V22:AC22,"Y")=0,"",UPPER(MID(IF(V22="Y","/neurotoxic","")&IF(W22="Y","/hemotoxic","")&IF(X22="Y","/procoagulant","")&IF(Y22="Y","/anticoagulant","")&IF(Z22="Y","/hemorrhagic","")&IF(AA22="Y","/cytotoxic","")&IF(AB22="Y","/myotoxic","")&IF(AC22="Y","/cardiotoxic",""),2,1))&MID(IF(V22="Y","/neurotoxic","")&IF(W22="Y","/hemotoxic","")&IF(X22="Y","/procoagulant","")&IF(Y22="Y","/anticoagulant","")&IF(Z22="Y","/hemorrhagic","")&IF(AA22="Y","/cytotoxic","")&IF(AB22="Y","/myotoxic","")&IF(AC22="Y","/cardiotoxic",""),3,200)) -> Neurotoxic | G22: =IFERROR(INDEX('LD50 Sources'!$C$2:$C$1000,MATCH($A22,'LD50 Sources'!$L$2:$L$1000,0)),"") -> 0.4 | H22: =IFERROR(INDEX('LD50 Sources'!$D$2:$D$1000,MATCH($A22,'LD50 Sources'!$L$2:$L$1000,0))&"","") -> SC | I22: =IFERROR(INDEX('LD50 Sources'!$H$2:$H$1000,MATCH($A22,'LD50 Sources'!$L$2:$L$1000,0))&"","") -> A | J22: =IF(COUNTIFS('LD50 Sources'!$A$2:$A$1000,$A22,'LD50 Sources'!$K$2:$K$1000,1)<2,"",ROUND(_xlfn.MAXIFS('LD50 Sources'!$C$2:$C$1000,'LD50 Sources'!$A$2:$A$1000,$A22,'LD50 Sources'!$K$2:$K$1000,1)/_xlfn.MINIFS('LD50 Sources'!$C$2:$C$1000,'LD50 Sources'!$A$2:$A$1000,$A22,'LD50 Sources'!$K$2:$K$1000,1),1)) | K22: =IFERROR(INDEX('Yield Sources'!$C$2:$C$1000,MATCH($A22,'Yield Sources'!$N$2:$N$1000,0)),"") -> 70 | L22: =IFERROR(INDEX('Yield Sources'!$D$2:$D$1000,MATCH($A22,'Yield Sources'!$N$2:$N$1000,0)),"") -> 236 | M22: =IFERROR(INDEX('Yield Sources'!$J$2:$J$1000,MATCH($A22,'Yield Sources'!$N$2:$N$1000,0))&"","") -> C | N22: =IF(COUNTIFS('Yield Sources'!$A$2:$A$1000,$A22,'Yield Sources'!$M$2:$M$1000,1)<2,"",ROUND(_xlfn.MAXIFS('Yield Sources'!$D$2:$D$1000,'Yield Sources'!$A$2:$A$1000,$A22,'Yield Sources'!$M$2:$M$1000,1)/_xlfn.MINIFS('Yield Sources'!$D$2:$D$1000,'Yield Sources'!$A$2:$A$1000,$A22,'Yield Sources'!$M$2:$M$1000,1),1)) | O22: 4 | P22: 4 | Q22: Fast (hours) | R22: Widely available | S22: =IFERROR(INDEX('Clinical Sources'!$M$2:$M$1000,MATCH($A22&"|Annual deaths",'Clinical Sources'!$N$2:$N$1000,0)),"") | T22: =IFERROR(INDEX('Clinical Sources'!$M$2:$M$1000,MATCH($A22&"|Case-fatality rate",'Clinical Sources'!$N$2:$N$1000,0)),"") | U22: Clinical: Rapid-onset paralysis, historically one of the faster-acting Australian elapid venoms. Antivenom: Australia. Bite propensity: Scored 4: ambush sitter, strikes reflexively when stepped on. | V22: Y | AD22: Carried from v3.2 text; source needed | AE22: Lies hidden in leaf litter; met when people step close to it.
A23: Bitis nasicornis | B23: Rhinoceros viper | C23: River jack; Horned puff adder | D23: Viperidae | E23: West & Central Africa | F23: =IF(COUNTIF(V23:AC23,"Y")=0,"",UPPER(MID(IF(V23="Y","/neurotoxic","")&IF(W23="Y","/hemotoxic","")&IF(X23="Y","/procoagulant","")&IF(Y23="Y","/anticoagulant","")&IF(Z23="Y","/hemorrhagic","")&IF(AA23="Y","/cytotoxic","")&IF(AB23="Y","/myotoxic","")&IF(AC23="Y","/cardiotoxic",""),2,1))&MID(IF(V23="Y","/neurotoxic","")&IF(W23="Y","/hemotoxic","")&IF(X23="Y","/procoagulant","")&IF(Y23="Y","/anticoagulant","")&IF(Z23="Y","/hemorrhagic","")&IF(AA23="Y","/cytotoxic","")&IF(AB23="Y","/myotoxic","")&IF(AC23="Y","/cardiotoxic",""),3,200)) -> Hemotoxic/cytotoxic/cardiotoxic | G23: =IFERROR(INDEX('LD50 Sources'!$C$2:$C$1000,MATCH($A23,'LD50 Sources'!$L$2:$L$1000,0)),"") -> 0.6 | H23: =IFERROR(INDEX('LD50 Sources'!$D$2:$D$1000,MATCH($A23,'LD50 Sources'!$L$2:$L$1000,0))&"","") -> SC | I23: =IFERROR(INDEX('LD50 Sources'!$H$2:$H$1000,MATCH($A23,'LD50 Sources'!$L$2:$L$1000,0))&"","") -> C | J23: =IF(COUNTIFS('LD50 Sources'!$A$2:$A$1000,$A23,'LD50 Sources'!$K$2:$K$1000,1)<2,"",ROUND(_xlfn.MAXIFS('LD50 Sources'!$C$2:$C$1000,'LD50 Sources'!$A$2:$A$1000,$A23,'LD50 Sources'!$K$2:$K$1000,1)/_xlfn.MINIFS('LD50 Sources'!$C$2:$C$1000,'LD50 Sources'!$A$2:$A$1000,$A23,'LD50 Sources'!$K$2:$K$1000,1),1)) | K23: =IFERROR(INDEX('Yield Sources'!$C$2:$C$1000,MATCH($A23,'Yield Sources'!$N$2:$N$1000,0)),"") -> 200 | L23: =IFERROR(INDEX('Yield Sources'!$D$2:$D$1000,MATCH($A23,'Yield Sources'!$N$2:$N$1000,0)),"") -> 200 | M23: =IFERROR(INDEX('Yield Sources'!$J$2:$J$1000,MATCH($A23,'Yield Sources'!$N$2:$N$1000,0))&"","") -> C | N23: =IF(COUNTIFS('Yield Sources'!$A$2:$A$1000,$A23,'Yield Sources'!$M$2:$M$1000,1)<2,"",ROUND(_xlfn.MAXIFS('Yield Sources'!$D$2:$D$1000,'Yield Sources'!$A$2:$A$1000,$A23,'Yield Sources'!$M$2:$M$1000,1)/_xlfn.MINIFS('Yield Sources'!$D$2:$D$1000,'Yield Sources'!$A$2:$A$1000,$A23,'Yield Sources'!$M$2:$M$1000,1),1)) | O23: 3 | P23: 2 | Q23: Slow (24 h or more) | R23: Regional | S23: =IFERROR(INDEX('Clinical Sources'!$M$2:$M$1000,MATCH($A23&"|Annual deaths",'Clinical Sources'!$N$2:$N$1000,0)),"") | T23: =IFERROR(INDEX('Clinical Sources'!$M$2:$M$1000,MATCH($A23&"|Case-fatality rate",'Clinical Sources'!$N$2:$N$1000,0)),"") | U23: Clinical: Severe local damage and cardiovascular effects progress over a day or more. Antivenom: SAIMR polyvalent. | W23: Y | AA23: Y | AC23: Y | AD23: Carried from v3.2 text; source needed | AE23: Rainforest floor of West and Central Africa; rarely met.
A24: Bothrops asper | B24: Terciopelo | C24: Fer-de-lance; Barba amarilla | D24: Viperidae | E24: Central & South America | F24: =IF(COUNTIF(V24:AC24,"Y")=0,"",UPPER(MID(IF(V24="Y","/neurotoxic","")&IF(W24="Y","/hemotoxic","")&IF(X24="Y","/procoagulant","")&IF(Y24="Y","/anticoagulant","")&IF(Z24="Y","/hemorrhagic","")&IF(AA24="Y","/cytotoxic","")&IF(AB24="Y","/myotoxic","")&IF(AC24="Y","/cardiotoxic",""),2,1))&MID(IF(V24="Y","/neurotoxic","")&IF(W24="Y","/hemotoxic","")&IF(X24="Y","/procoagulant","")&IF(Y24="Y","/anticoagulant","")&IF(Z24="Y","/hemorrhagic","")&IF(AA24="Y","/cytotoxic","")&IF(AB24="Y","/myotoxic","")&IF(AC24="Y","/cardiotoxic",""),3,200)) -> Hemotoxic | G24: =IFERROR(INDEX('LD50 Sources'!$C$2:$C$1000,MATCH($A24,'LD50 Sources'!$L$2:$L$1000,0)),"") -> 1.1 | H24: =IFERROR(INDEX('LD50 Sources'!$D$2:$D$1000,MATCH($A24,'LD50 Sources'!$L$2:$L$1000,0))&"","") -> SC | I24: =IFERROR(INDEX('LD50 Sources'!$H$2:$H$1000,MATCH($A24,'LD50 Sources'!$L$2:$L$1000,0))&"","") -> C | J24: =IF(COUNTIFS('LD50 Sources'!$A$2:$A$1000,$A24,'LD50 Sources'!$K$2:$K$1000,1)<2,"",ROUND(_xlfn.MAXIFS('LD50 Sources'!$C$2:$C$1000,'LD50 Sources'!$A$2:$A$1000,$A24,'LD50 Sources'!$K$2:$K$1000,1)/_xlfn.MINIFS('LD50 Sources'!$C$2:$C$1000,'LD50 Sources'!$A$2:$A$1000,$A24,'LD50 Sources'!$K$2:$K$1000,1),1)) | K24: =IFERROR(INDEX('Yield Sources'!$C$2:$C$1000,MATCH($A24,'Yield Sources'!$N$2:$N$1000,0)),"") -> 100 | L24: =IFERROR(INDEX('Yield Sources'!$D$2:$D$1000,MATCH($A24,'Yield Sources'!$N$2:$N$1000,0)),"") -> 310 | M24: =IFERROR(INDEX('Yield Sources'!$J$2:$J$1000,MATCH($A24,'Yield Sources'!$N$2:$N$1000,0))&"","") -> C | N24: =IF(COUNTIFS('Yield Sources'!$A$2:$A$1000,$A24,'Yield Sources'!$M$2:$M$1000,1)<2,"",ROUND(_xlfn.MAXIFS('Yield Sources'!$D$2:$D$1000,'Yield Sources'!$A$2:$A$1000,$A24,'Yield Sources'!$M$2:$M$1000,1)/_xlfn.MINIFS('Yield Sources'!$D$2:$D$1000,'Yield Sources'!$A$2:$A$1000,$A24,'Yield Sources'!$M$2:$M$1000,1),1)) | O24: 9 | P24: 5 | Q24: Moderate-slow (hours to days) | R24: Regional | S24: =IFERROR(INDEX('Clinical Sources'!$M$2:$M$1000,MATCH($A24&"|Annual deaths",'Clinical Sources'!$N$2:$N$1000,0)),"") | T24: =IFERROR(INDEX('Clinical Sources'!$M$2:$M$1000,MATCH($A24&"|Case-fatality rate",'Clinical Sources'!$N$2:$N$1000,0)),"") | U24: Taxonomy: Distinct from Bothrops atrox (Common lancehead). Clinical: Severe local tissue destruction and coagulopathy develop over hours to a couple of days. | W24: Y | AD24: Carried from v3.2 text; source needed | AE24: Common on plantations and farmland in Central and northern South America.
A25: Crotalus atrox | B25: Western diamondback rattlesnake | D25: Viperidae | E25: SW USA, Mexico | F25: =IF(COUNTIF(V25:AC25,"Y")=0,"",UPPER(MID(IF(V25="Y","/neurotoxic","")&IF(W25="Y","/hemotoxic","")&IF(X25="Y","/procoagulant","")&IF(Y25="Y","/anticoagulant","")&IF(Z25="Y","/hemorrhagic","")&IF(AA25="Y","/cytotoxic","")&IF(AB25="Y","/myotoxic","")&IF(AC25="Y","/cardiotoxic",""),2,1))&MID(IF(V25="Y","/neurotoxic","")&IF(W25="Y","/hemotoxic","")&IF(X25="Y","/procoagulant","")&IF(Y25="Y","/anticoagulant","")&IF(Z25="Y","/hemorrhagic","")&IF(AA25="Y","/cytotoxic","")&IF(AB25="Y","/myotoxic","")&IF(AC25="Y","/cardiotoxic",""),3,200)) -> Hemotoxic | G25: =IFERROR(INDEX('LD50 Sources'!$C$2:$C$1000,MATCH($A25,'LD50 Sources'!$L$2:$L$1000,0)),"") -> 2.2 | H25: =IFERROR(INDEX('LD50 Sources'!$D$2:$D$1000,MATCH($A25,'LD50 Sources'!$L$2:$L$1000,0))&"","") -> SC | I25: =IFERROR(INDEX('LD50 Sources'!$H$2:$H$1000,MATCH($A25,'LD50 Sources'!$L$2:$L$1000,0))&"","") -> C | J25: =IF(COUNTIFS('LD50 Sources'!$A$2:$A$1000,$A25,'LD50 Sources'!$K$2:$K$1000,1)<2,"",ROUND(_xlfn.MAXIFS('LD50 Sources'!$C$2:$C$1000,'LD50 Sources'!$A$2:$A$1000,$A25,'LD50 Sources'!$K$2:$K$1000,1)/_xlfn.MINIFS('LD50 Sources'!$C$2:$C$1000,'LD50 Sources'!$A$2:$A$1000,$A25,'LD50 Sources'!$K$2:$K$1000,1),1)) | K25: =IFERROR(INDEX('Yield Sources'!$C$2:$C$1000,MATCH($A25,'Yield Sources'!$N$2:$N$1000,0)),"") -> 175 | L25: =IFERROR(INDEX('Yield Sources'!$D$2:$D$1000,MATCH($A25,'Yield Sources'!$N$2:$N$1000,0)),"") -> 600 | M25: =IFERROR(INDEX('Yield Sources'!$J$2:$J$1000,MATCH($A25,'Yield Sources'!$N$2:$N$1000,0))&"","") -> C | N25: =IF(COUNTIFS('Yield Sources'!$A$2:$A$1000,$A25,'Yield Sources'!$M$2:$M$1000,1)<2,"",ROUND(_xlfn.MAXIFS('Yield Sources'!$D$2:$D$1000,'Yield Sources'!$A$2:$A$1000,$A25,'Yield Sources'!$M$2:$M$1000,1)/_xlfn.MINIFS('Yield Sources'!$D$2:$D$1000,'Yield Sources'!$A$2:$A$1000,$A25,'Yield Sources'!$M$2:$M$1000,1),1)) | O25: 6 | P25: 3 | Q25: Slow (24 h or more) | R25: Widely available | S25: =IFERROR(INDEX('Clinical Sources'!$M$2:$M$1000,MATCH($A25&"|Annual deaths",'Clinical Sources'!$N$2:$N$1000,0)),"") | T25: =IFERROR(INDEX('Clinical Sources'!$M$2:$M$1000,MATCH($A25&"|Case-fatality rate",'Clinical Sources'!$N$2:$N$1000,0)),"") | U25: Clinical: Severe local swelling and tissue damage progress over 1-2 days untreated. Antivenom: USA. | W25: Y | AD25: Carried from v3.2 text; source needed | AE25: The most common rattlesnake of SW USA and Mexico, including near homes.
A26: Crotalus oreganus | B26: Western rattlesnake | C26: Northern Pacific rattlesnake | D26: Viperidae | E26: Western North America | F26: =IF(COUNTIF(V26:AC26,"Y")=0,"",UPPER(MID(IF(V26="Y","/neurotoxic","")&IF(W26="Y","/hemotoxic","")&IF(X26="Y","/procoagulant","")&IF(Y26="Y","/anticoagulant","")&IF(Z26="Y","/hemorrhagic","")&IF(AA26="Y","/cytotoxic","")&IF(AB26="Y","/myotoxic","")&IF(AC26="Y","/cardiotoxic",""),2,1))&MID(IF(V26="Y","/neurotoxic","")&IF(W26="Y","/hemotoxic","")&IF(X26="Y","/procoagulant","")&IF(Y26="Y","/anticoagulant","")&IF(Z26="Y","/hemorrhagic","")&IF(AA26="Y","/cytotoxic","")&IF(AB26="Y","/myotoxic","")&IF(AC26="Y","/cardiotoxic",""),3,200)) -> Hemotoxic | G26: =IFERROR(INDEX('LD50 Sources'!$C$2:$C$1000,MATCH($A26,'LD50 Sources'!$L$2:$L$1000,0)),"") -> 1.01 | H26: =IFERROR(INDEX('LD50 Sources'!$D$2:$D$1000,MATCH($A26,'LD50 Sources'!$L$2:$L$1000,0))&"","") -> SC | I26: =IFERROR(INDEX('LD50 Sources'!$H$2:$H$1000,MATCH($A26,'LD50 Sources'!$L$2:$L$1000,0))&"","") -> C | J26: =IF(COUNTIFS('LD50 Sources'!$A$2:$A$1000,$A26,'LD50 Sources'!$K$2:$K$1000,1)<2,"",ROUND(_xlfn.MAXIFS('LD50 Sources'!$C$2:$C$1000,'LD50 Sources'!$A$2:$A$1000,$A26,'LD50 Sources'!$K$2:$K$1000,1)/_xlfn.MINIFS('LD50 Sources'!$C$2:$C$1000,'LD50 Sources'!$A$2:$A$1000,$A26,'LD50 Sources'!$K$2:$K$1000,1),1)) | K26: =IFERROR(INDEX('Yield Sources'!$C$2:$C$1000,MATCH($A26,'Yield Sources'!$N$2:$N$1000,0)),"") -> 35 | L26: =IFERROR(INDEX('Yield Sources'!$D$2:$D$1000,MATCH($A26,'Yield Sources'!$N$2:$N$1000,0)),"") -> 250 | M26: =IFERROR(INDEX('Yield Sources'!$J$2:$J$1000,MATCH($A26,'Yield Sources'!$N$2:$N$1000,0))&"","") -> C | N26: =IF(COUNTIFS('Yield Sources'!$A$2:$A$1000,$A26,'Yield Sources'!$M$2:$M$1000,1)<2,"",ROUND(_xlfn.MAXIFS('Yield Sources'!$D$2:$D$1000,'Yield Sources'!$A$2:$A$1000,$A26,'Yield Sources'!$M$2:$M$1000,1)/_xlfn.MINIFS('Yield Sources'!$D$2:$D$1000,'Yield Sources'!$A$2:$A$1000,$A26,'Yield Sources'!$M$2:$M$1000,1),1)) | O26: 5 | P26: 3 | Q26: Moderate-slow (hours to days) | R26: Widely available | S26: =IFERROR(INDEX('Clinical Sources'!$M$2:$M$1000,MATCH($A26&"|Annual deaths",'Clinical Sources'!$N$2:$N$1000,0)),"") | T26: =IFERROR(INDEX('Clinical Sources'!$M$2:$M$1000,MATCH($A26&"|Case-fatality rate",'Clinical Sources'!$N$2:$N$1000,0)),"") | U26: Taxonomy: Split from C. viridis; check which taxon LD50 refers to. Clinical: Local tissue damage and coagulopathy develop over a day or more. Antivenom: USA. | W26: Y | AD26: Carried from v3.2 text; source needed | AE26: Widespread in western North America; met by hikers.
A27: Macrovipera lebetina | B27: Blunt-nosed viper | C27: Levantine viper | D27: Viperidae | E27: Middle East, Central Asia | F27: =IF(COUNTIF(V27:AC27,"Y")=0,"",UPPER(MID(IF(V27="Y","/neurotoxic","")&IF(W27="Y","/hemotoxic","")&IF(X27="Y","/procoagulant","")&IF(Y27="Y","/anticoagulant","")&IF(Z27="Y","/hemorrhagic","")&IF(AA27="Y","/cytotoxic","")&IF(AB27="Y","/myotoxic","")&IF(AC27="Y","/cardiotoxic",""),2,1))&MID(IF(V27="Y","/neurotoxic","")&IF(W27="Y","/hemotoxic","")&IF(X27="Y","/procoagulant","")&IF(Y27="Y","/anticoagulant","")&IF(Z27="Y","/hemorrhagic","")&IF(AA27="Y","/cytotoxic","")&IF(AB27="Y","/myotoxic","")&IF(AC27="Y","/cardiotoxic",""),3,200)) -> Hemotoxic | G27: =IFERROR(INDEX('LD50 Sources'!$C$2:$C$1000,MATCH($A27,'LD50 Sources'!$L$2:$L$1000,0)),"") -> 0.64 | H27: =IFERROR(INDEX('LD50 Sources'!$D$2:$D$1000,MATCH($A27,'LD50 Sources'!$L$2:$L$1000,0))&"","") -> SC | I27: =IFERROR(INDEX('LD50 Sources'!$H$2:$H$1000,MATCH($A27,'LD50 Sources'!$L$2:$L$1000,0))&"","") -> C | J27: =IF(COUNTIFS('LD50 Sources'!$A$2:$A$1000,$A27,'LD50 Sources'!$K$2:$K$1000,1)<2,"",ROUND(_xlfn.MAXIFS('LD50 Sources'!$C$2:$C$1000,'LD50 Sources'!$A$2:$A$1000,$A27,'LD50 Sources'!$K$2:$K$1000,1)/_xlfn.MINIFS('LD50 Sources'!$C$2:$C$1000,'LD50 Sources'!$A$2:$A$1000,$A27,'LD50 Sources'!$K$2:$K$1000,1),1)) | K27: =IFERROR(INDEX('Yield Sources'!$C$2:$C$1000,MATCH($A27,'Yield Sources'!$N$2:$N$1000,0)),"") -> 12 | L27: =IFERROR(INDEX('Yield Sources'!$D$2:$D$1000,MATCH($A27,'Yield Sources'!$N$2:$N$1000,0)),"") -> 150 | M27: =IFERROR(INDEX('Yield Sources'!$J$2:$J$1000,MATCH($A27,'Yield Sources'!$N$2:$N$1000,0))&"","") -> C | N27: =IF(COUNTIFS('Yield Sources'!$A$2:$A$1000,$A27,'Yield Sources'!$M$2:$M$1000,1)<2,"",ROUND(_xlfn.MAXIFS('Yield Sources'!$D$2:$D$1000,'Yield Sources'!$A$2:$A$1000,$A27,'Yield Sources'!$M$2:$M$1000,1)/_xlfn.MINIFS('Yield Sources'!$D$2:$D$1000,'Yield Sources'!$A$2:$A$1000,$A27,'Yield Sources'!$M$2:$M$1000,1),1)) | O27: 6 | P27: 4 | Q27: Moderate-slow (hours to days) | R27: Regional | S27: =IFERROR(INDEX('Clinical Sources'!$M$2:$M$1000,MATCH($A27&"|Annual deaths",'Clinical Sources'!$N$2:$N$1000,0)),"") | T27: =IFERROR(INDEX('Clinical Sources'!$M$2:$M$1000,MATCH($A27&"|Case-fatality rate",'Clinical Sources'!$N$2:$N$1000,0)),"") | U27: Clinical: Coagulopathy and tissue damage progress over hours to days. | W27: Y | AD27: Carried from v3.2 text; source needed | AE27: Farmland and rocky hills of the Middle East and Central Asia.
A28: Bungarus caeruleus | B28: Common Indian krait | C28: Blue krait | D28: Elapidae | E28: Indian subcontinent | F28: =IF(COUNTIF(V28:AC28,"Y")=0,"",UPPER(MID(IF(V28="Y","/neurotoxic","")&IF(W28="Y","/hemotoxic","")&IF(X28="Y","/procoagulant","")&IF(Y28="Y","/anticoagulant","")&IF(Z28="Y","/hemorrhagic","")&IF(AA28="Y","/cytotoxic","")&IF(AB28="Y","/myotoxic","")&IF(AC28="Y","/cardiotoxic",""),2,1))&MID(IF(V28="Y","/neurotoxic","")&IF(W28="Y","/hemotoxic","")&IF(X28="Y","/procoagulant","")&IF(Y28="Y","/anticoagulant","")&IF(Z28="Y","/hemorrhagic","")&IF(AA28="Y","/cytotoxic","")&IF(AB28="Y","/myotoxic","")&IF(AC28="Y","/cardiotoxic",""),3,200)) -> Neurotoxic | G28: =IFERROR(INDEX('LD50 Sources'!$C$2:$C$1000,MATCH($A28,'LD50 Sources'!$L$2:$L$1000,0)),"") -> 0.09 | H28: =IFERROR(INDEX('LD50 Sources'!$D$2:$D$1000,MATCH($A28,'LD50 Sources'!$L$2:$L$1000,0))&"","") -> SC | I28: =IFERROR(INDEX('LD50 Sources'!$H$2:$H$1000,MATCH($A28,'LD50 Sources'!$L$2:$L$1000,0))&"","") -> C | J28: =IF(COUNTIFS('LD50 Sources'!$A$2:$A$1000,$A28,'LD50 Sources'!$K$2:$K$1000,1)<2,"",ROUND(_xlfn.MAXIFS('LD50 Sources'!$C$2:$C$1000,'LD50 Sources'!$A$2:$A$1000,$A28,'LD50 Sources'!$K$2:$K$1000,1)/_xlfn.MINIFS('LD50 Sources'!$C$2:$C$1000,'LD50 Sources'!$A$2:$A$1000,$A28,'LD50 Sources'!$K$2:$K$1000,1),1)) | K28: =IFERROR(INDEX('Yield Sources'!$C$2:$C$1000,MATCH($A28,'Yield Sources'!$N$2:$N$1000,0)),"") -> 8 | L28: =IFERROR(INDEX('Yield Sources'!$D$2:$D$1000,MATCH($A28,'Yield Sources'!$N$2:$N$1000,0)),"") -> 20 | M28: =IFERROR(INDEX('Yield Sources'!$J$2:$J$1000,MATCH($A28,'Yield Sources'!$N$2:$N$1000,0))&"","") -> C | N28: =IF(COUNTIFS('Yield Sources'!$A$2:$A$1000,$A28,'Yield Sources'!$M$2:$M$1000,1)<2,"",ROUND(_xlfn.MAXIFS('Yield Sources'!$D$2:$D$1000,'Yield Sources'!$A$2:$A$1000,$A28,'Yield Sources'!$M$2:$M$1000,1)/_xlfn.MINIFS('Yield Sources'!$D$2:$D$1000,'Yield Sources'!$A$2:$A$1000,$A28,'Yield Sources'!$M$2:$M$1000,1),1)) | O28: 10 | P28: 3 | Q28: Fast (hours) | R28: Widely available | S28: =IFERROR(INDEX('Clinical Sources'!$M$2:$M$1000,MATCH($A28&"|Annual deaths",'Clinical Sources'!$N$2:$N$1000,0)),"") | T28: =IFERROR(INDEX('Clinical Sources'!$M$2:$M$1000,MATCH($A28&"|Case-fatality rate",'Clinical Sources'!$N$2:$N$1000,0)),"") | U28: Clinical: Paralysis can progress within hours, but because the bite is painless and often happens during sleep, treatment is frequently delayed - this is a major reason for its high fatality rate despite only moderate venom stats. Onset: Fast once symptomatic, but often diagnosed late. Antivenom: India. Bite propensity: Scored 3: docile by day, but bites sleeping people at night with no warning. | V28: Y | AD28: Carried from v3.2 text; source needed | AE28: Very common near villages; enters homes at night.
A29: Crotalus tigris | B29: Tiger rattlesnake | D29: Viperidae | E29: SW USA, Mexico | F29: =IF(COUNTIF(V29:AC29,"Y")=0,"",UPPER(MID(IF(V29="Y","/neurotoxic","")&IF(W29="Y","/hemotoxic","")&IF(X29="Y","/procoagulant","")&IF(Y29="Y","/anticoagulant","")&IF(Z29="Y","/hemorrhagic","")&IF(AA29="Y","/cytotoxic","")&IF(AB29="Y","/myotoxic","")&IF(AC29="Y","/cardiotoxic",""),2,1))&MID(IF(V29="Y","/neurotoxic","")&IF(W29="Y","/hemotoxic","")&IF(X29="Y","/procoagulant","")&IF(Y29="Y","/anticoagulant","")&IF(Z29="Y","/hemorrhagic","")&IF(AA29="Y","/cytotoxic","")&IF(AB29="Y","/myotoxic","")&IF(AC29="Y","/cardiotoxic",""),3,200)) -> Neurotoxic | G29: =IFERROR(INDEX('LD50 Sources'!$C$2:$C$1000,MATCH($A29,'LD50 Sources'!$L$2:$L$1000,0)),"") -> 0.06 | H29: =IFERROR(INDEX('LD50 Sources'!$D$2:$D$1000,MATCH($A29,'LD50 Sources'!$L$2:$L$1000,0))&"","") -> SC | I29: =IFERROR(INDEX('LD50 Sources'!$H$2:$H$1000,MATCH($A29,'LD50 Sources'!$L$2:$L$1000,0))&"","") -> C | J29: =IF(COUNTIFS('LD50 Sources'!$A$2:$A$1000,$A29,'LD50 Sources'!$K$2:$K$1000,1)<2,"",ROUND(_xlfn.MAXIFS('LD50 Sources'!$C$2:$C$1000,'LD50 Sources'!$A$2:$A$1000,$A29,'LD50 Sources'!$K$2:$K$1000,1)/_xlfn.MINIFS('LD50 Sources'!$C$2:$C$1000,'LD50 Sources'!$A$2:$A$1000,$A29,'LD50 Sources'!$K$2:$K$1000,1),1)) | K29: =IFERROR(INDEX('Yield Sources'!$C$2:$C$1000,MATCH($A29,'Yield Sources'!$N$2:$N$1000,0)),"") -> 6 | L29: =IFERROR(INDEX('Yield Sources'!$D$2:$D$1000,MATCH($A29,'Yield Sources'!$N$2:$N$1000,0)),"") -> 11 | M29: =IFERROR(INDEX('Yield Sources'!$J$2:$J$1000,MATCH($A29,'Yield Sources'!$N$2:$N$1000,0))&"","") -> C | N29: =IF(COUNTIFS('Yield Sources'!$A$2:$A$1000,$A29,'Yield Sources'!$M$2:$M$1000,1)<2,"",ROUND(_xlfn.MAXIFS('Yield Sources'!$D$2:$D$1000,'Yield Sources'!$A$2:$A$1000,$A29,'Yield Sources'!$M$2:$M$1000,1)/_xlfn.MINIFS('Yield Sources'!$D$2:$D$1000,'Yield Sources'!$A$2:$A$1000,$A29,'Yield Sources'!$M$2:$M$1000,1),1)) | O29: 2 | P29: 2 | Q29: Fast (hours) | R29: Widely available | S29: =IFERROR(INDEX('Clinical Sources'!$M$2:$M$1000,MATCH($A29&"|Annual deaths",'Clinical Sources'!$N$2:$N$1000,0)),"") | T29: =IFERROR(INDEX('Clinical Sources'!$M$2:$M$1000,MATCH($A29&"|Case-fatality rate",'Clinical Sources'!$N$2:$N$1000,0)),"") | U29: Clinical: Neurotoxic effects can progress within hours, though tiny yield limits real-world severity. Antivenom: USA. | V29: Y | AD29: Carried from v3.2 text; source needed | AE29: Rocky desert canyons; rarely met.
A30: Vipera berus | B30: Common European viper | C30: European adder; Common adder | D30: Viperidae | E30: Europe, parts of Asia | F30: =IF(COUNTIF(V30:AC30,"Y")=0,"",UPPER(MID(IF(V30="Y","/neurotoxic","")&IF(W30="Y","/hemotoxic","")&IF(X30="Y","/procoagulant","")&IF(Y30="Y","/anticoagulant","")&IF(Z30="Y","/hemorrhagic","")&IF(AA30="Y","/cytotoxic","")&IF(AB30="Y","/myotoxic","")&IF(AC30="Y","/cardiotoxic",""),2,1))&MID(IF(V30="Y","/neurotoxic","")&IF(W30="Y","/hemotoxic","")&IF(X30="Y","/procoagulant","")&IF(Y30="Y","/anticoagulant","")&IF(Z30="Y","/hemorrhagic","")&IF(AA30="Y","/cytotoxic","")&IF(AB30="Y","/myotoxic","")&IF(AC30="Y","/cardiotoxic",""),3,200)) -> Hemotoxic | G30: =IFERROR(INDEX('LD50 Sources'!$C$2:$C$1000,MATCH($A30,'LD50 Sources'!$L$2:$L$1000,0)),"") -> 0.11 | H30: =IFERROR(INDEX('LD50 Sources'!$D$2:$D$1000,MATCH($A30,'LD50 Sources'!$L$2:$L$1000,0))&"","") -> SC | I30: =IFERROR(INDEX('LD50 Sources'!$H$2:$H$1000,MATCH($A30,'LD50 Sources'!$L$2:$L$1000,0))&"","") -> C | J30: =IF(COUNTIFS('LD50 Sources'!$A$2:$A$1000,$A30,'LD50 Sources'!$K$2:$K$1000,1)<2,"",ROUND(_xlfn.MAXIFS('LD50 Sources'!$C$2:$C$1000,'LD50 Sources'!$A$2:$A$1000,$A30,'LD50 Sources'!$K$2:$K$1000,1)/_xlfn.MINIFS('LD50 Sources'!$C$2:$C$1000,'LD50 Sources'!$A$2:$A$1000,$A30,'LD50 Sources'!$K$2:$K$1000,1),1)) | K30: =IFERROR(INDEX('Yield Sources'!$C$2:$C$1000,MATCH($A30,'Yield Sources'!$N$2:$N$1000,0)),"") -> 10 | L30: =IFERROR(INDEX('Yield Sources'!$D$2:$D$1000,MATCH($A30,'Yield Sources'!$N$2:$N$1000,0)),"") -> 18 | M30: =IFERROR(INDEX('Yield Sources'!$J$2:$J$1000,MATCH($A30,'Yield Sources'!$N$2:$N$1000,0))&"","") -> C | N30: =IF(COUNTIFS('Yield Sources'!$A$2:$A$1000,$A30,'Yield Sources'!$M$2:$M$1000,1)<2,"",ROUND(_xlfn.MAXIFS('Yield Sources'!$D$2:$D$1000,'Yield Sources'!$A$2:$A$1000,$A30,'Yield Sources'!$M$2:$M$1000,1)/_xlfn.MINIFS('Yield Sources'!$D$2:$D$1000,'Yield Sources'!$A$2:$A$1000,$A30,'Yield Sources'!$M$2:$M$1000,1),1)) | O30: 6 | P30: 2 | Q30: Slow (24 h or more) | R30: Widely available | S30: =IFERROR(INDEX('Clinical Sources'!$M$2:$M$1000,MATCH($A30&"|Annual deaths",'Clinical Sources'!$N$2:$N$1000,0)),"") | T30: =IFERROR(INDEX('Clinical Sources'!$M$2:$M$1000,MATCH($A30&"|Case-fatality rate",'Clinical Sources'!$N$2:$N$1000,0)),"") | U30: Clinical: Local swelling and mild systemic effects; fatalities are rare and, when they occur, develop over a day or more. Antivenom: Europe. | W30: Y | AD30: Carried from v3.2 text; source needed | AE30: Widespread on European heaths and woodland edges; met by walkers.
A31: Crotalus horridus | B31: Timber rattlesnake | C31: Canebrake rattlesnake | D31: Viperidae | E31: Eastern USA | F31: =IF(COUNTIF(V31:AC31,"Y")=0,"",UPPER(MID(IF(V31="Y","/neurotoxic","")&IF(W31="Y","/hemotoxic","")&IF(X31="Y","/procoagulant","")&IF(Y31="Y","/anticoagulant","")&IF(Z31="Y","/hemorrhagic","")&IF(AA31="Y","/cytotoxic","")&IF(AB31="Y","/myotoxic","")&IF(AC31="Y","/cardiotoxic",""),2,1))&MID(IF(V31="Y","/neurotoxic","")&IF(W31="Y","/hemotoxic","")&IF(X31="Y","/procoagulant","")&IF(Y31="Y","/anticoagulant","")&IF(Z31="Y","/hemorrhagic","")&IF(AA31="Y","/cytotoxic","")&IF(AB31="Y","/myotoxic","")&IF(AC31="Y","/cardiotoxic",""),3,200)) -> Neurotoxic/hemotoxic | G31: =IFERROR(INDEX('LD50 Sources'!$C$2:$C$1000,MATCH($A31,'LD50 Sources'!$L$2:$L$1000,0)),"") -> 1.64 | H31: =IFERROR(INDEX('LD50 Sources'!$D$2:$D$1000,MATCH($A31,'LD50 Sources'!$L$2:$L$1000,0))&"","") -> SC | I31: =IFERROR(INDEX('LD50 Sources'!$H$2:$H$1000,MATCH($A31,'LD50 Sources'!$L$2:$L$1000,0))&"","") -> C | J31: =IF(COUNTIFS('LD50 Sources'!$A$2:$A$1000,$A31,'LD50 Sources'!$K$2:$K$1000,1)<2,"",ROUND(_xlfn.MAXIFS('LD50 Sources'!$C$2:$C$1000,'LD50 Sources'!$A$2:$A$1000,$A31,'LD50 Sources'!$K$2:$K$1000,1)/_xlfn.MINIFS('LD50 Sources'!$C$2:$C$1000,'LD50 Sources'!$A$2:$A$1000,$A31,'LD50 Sources'!$K$2:$K$1000,1),1)) | K31: =IFERROR(INDEX('Yield Sources'!$C$2:$C$1000,MATCH($A31,'Yield Sources'!$N$2:$N$1000,0)),"") -> 75 | L31: =IFERROR(INDEX('Yield Sources'!$D$2:$D$1000,MATCH($A31,'Yield Sources'!$N$2:$N$1000,0)),"") -> 210 | M31: =IFERROR(INDEX('Yield Sources'!$J$2:$J$1000,MATCH($A31,'Yield Sources'!$N$2:$N$1000,0))&"","") -> C | N31: =IF(COUNTIFS('Yield Sources'!$A$2:$A$1000,$A31,'Yield Sources'!$M$2:$M$1000,1)<2,"",ROUND(_xlfn.MAXIFS('Yield Sources'!$D$2:$D$1000,'Yield Sources'!$A$2:$A$1000,$A31,'Yield Sources'!$M$2:$M$1000,1)/_xlfn.MINIFS('Yield Sources'!$D$2:$D$1000,'Yield Sources'!$A$2:$A$1000,$A31,'Yield Sources'!$M$2:$M$1000,1),1)) | O31: 3 | P31: 2 | Q31: Slow (24 h or more) | R31: Widely available | S31: =IFERROR(INDEX('Clinical Sources'!$M$2:$M$1000,MATCH($A31&"|Annual deaths",'Clinical Sources'!$N$2:$N$1000,0)),"") | T31: =IFERROR(INDEX('Clinical Sources'!$M$2:$M$1000,MATCH($A31&"|Case-fatality rate",'Clinical Sources'!$N$2:$N$1000,0)),"") | U31: Clinical: Local tissue damage and coagulopathy progress over 1-2 days; some populations carry a neurotoxic component that can speed systemic effects. Venom: Neurotoxic component varies by population. Antivenom: USA. | V31: Y | W31: Y | AD31: Carried from v3.2 text; source needed | AE31: Forests of the eastern USA; secretive and less often met.
A32: Tropidolaemus wagleri | B32: Wagler's pit viper | C32: Temple pit viper; Temple viper | D32: Viperidae | E32: Southeast Asia | F32: =IF(COUNTIF(V32:AC32,"Y")=0,"",UPPER(MID(IF(V32="Y","/neurotoxic","")&IF(W32="Y","/hemotoxic","")&IF(X32="Y","/procoagulant","")&IF(Y32="Y","/anticoagulant","")&IF(Z32="Y","/hemorrhagic","")&IF(AA32="Y","/cytotoxic","")&IF(AB32="Y","/myotoxic","")&IF(AC32="Y","/cardiotoxic",""),2,1))&MID(IF(V32="Y","/neurotoxic","")&IF(W32="Y","/hemotoxic","")&IF(X32="Y","/procoagulant","")&IF(Y32="Y","/anticoagulant","")&IF(Z32="Y","/hemorrhagic","")&IF(AA32="Y","/cytotoxic","")&IF(AB32="Y","/myotoxic","")&IF(AC32="Y","/cardiotoxic",""),3,200)) -> Hemotoxic | G32: =IFERROR(INDEX('LD50 Sources'!$C$2:$C$1000,MATCH($A32,'LD50 Sources'!$L$2:$L$1000,0)),"") -> 0.75 | H32: =IFERROR(INDEX('LD50 Sources'!$D$2:$D$1000,MATCH($A32,'LD50 Sources'!$L$2:$L$1000,0))&"","") -> SC | I32: =IFERROR(INDEX('LD50 Sources'!$H$2:$H$1000,MATCH($A32,'LD50 Sources'!$L$2:$L$1000,0))&"","") -> C | J32: =IF(COUNTIFS('LD50 Sources'!$A$2:$A$1000,$A32,'LD50 Sources'!$K$2:$K$1000,1)<2,"",ROUND(_xlfn.MAXIFS('LD50 Sources'!$C$2:$C$1000,'LD50 Sources'!$A$2:$A$1000,$A32,'LD50 Sources'!$K$2:$K$1000,1)/_xlfn.MINIFS('LD50 Sources'!$C$2:$C$1000,'LD50 Sources'!$A$2:$A$1000,$A32,'LD50 Sources'!$K$2:$K$1000,1),1)) | K32: =IFERROR(INDEX('Yield Sources'!$C$2:$C$1000,MATCH($A32,'Yield Sources'!$N$2:$N$1000,0)),"") -> 65 | L32: =IFERROR(INDEX('Yield Sources'!$D$2:$D$1000,MATCH($A32,'Yield Sources'!$N$2:$N$1000,0)),"") -> 90 | M32: =IFERROR(INDEX('Yield Sources'!$J$2:$J$1000,MATCH($A32,'Yield Sources'!$N$2:$N$1000,0))&"","") -> C | N32: =IF(COUNTIFS('Yield Sources'!$A$2:$A$1000,$A32,'Yield Sources'!$M$2:$M$1000,1)<2,"",ROUND(_xlfn.MAXIFS('Yield Sources'!$D$2:$D$1000,'Yield Sources'!$A$2:$A$1000,$A32,'Yield Sources'!$M$2:$M$1000,1)/_xlfn.MINIFS('Yield Sources'!$D$2:$D$1000,'Yield Sources'!$A$2:$A$1000,$A32,'Yield Sources'!$M$2:$M$1000,1),1)) | O32: 4 | P32: 2 | Q32: Slow (24 h or more) | R32: Regional | S32: =IFERROR(INDEX('Clinical Sources'!$M$2:$M$1000,MATCH($A32&"|Annual deaths",'Clinical Sources'!$N$2:$N$1000,0)),"") | T32: =IFERROR(INDEX('Clinical Sources'!$M$2:$M$1000,MATCH($A32&"|Case-fatality rate",'Clinical Sources'!$N$2:$N$1000,0)),"") | U32: Clinical: Local swelling and mild coagulopathy typically develop gradually. | W32: Y | AD32: Carried from v3.2 text; source needed | AE32: Rainforest trees of Southeast Asia; met mainly by forest workers.
A33: Agkistrodon bilineatus | B33: Cantil | C33: Mexican moccasin | D33: Viperidae | E33: Mexico, Central America | F33: =IF(COUNTIF(V33:AC33,"Y")=0,"",UPPER(MID(IF(V33="Y","/neurotoxic","")&IF(W33="Y","/hemotoxic","")&IF(X33="Y","/procoagulant","")&IF(Y33="Y","/anticoagulant","")&IF(Z33="Y","/hemorrhagic","")&IF(AA33="Y","/cytotoxic","")&IF(AB33="Y","/myotoxic","")&IF(AC33="Y","/cardiotoxic",""),2,1))&MID(IF(V33="Y","/neurotoxic","")&IF(W33="Y","/hemotoxic","")&IF(X33="Y","/procoagulant","")&IF(Y33="Y","/anticoagulant","")&IF(Z33="Y","/hemorrhagic","")&IF(AA33="Y","/cytotoxic","")&IF(AB33="Y","/myotoxic","")&IF(AC33="Y","/cardiotoxic",""),3,200)) -> Hemotoxic | G33: =IFERROR(INDEX('LD50 Sources'!$C$2:$C$1000,MATCH($A33,'LD50 Sources'!$L$2:$L$1000,0)),"") -> 0.8 | H33: =IFERROR(INDEX('LD50 Sources'!$D$2:$D$1000,MATCH($A33,'LD50 Sources'!$L$2:$L$1000,0))&"","") -> SC | I33: =IFERROR(INDEX('LD50 Sources'!$H$2:$H$1000,MATCH($A33,'LD50 Sources'!$L$2:$L$1000,0))&"","") -> C | J33: =IF(COUNTIFS('LD50 Sources'!$A$2:$A$1000,$A33,'LD50 Sources'!$K$2:$K$1000,1)<2,"",ROUND(_xlfn.MAXIFS('LD50 Sources'!$C$2:$C$1000,'LD50 Sources'!$A$2:$A$1000,$A33,'LD50 Sources'!$K$2:$K$1000,1)/_xlfn.MINIFS('LD50 Sources'!$C$2:$C$1000,'LD50 Sources'!$A$2:$A$1000,$A33,'LD50 Sources'!$K$2:$K$1000,1),1)) | K33: =IFERROR(INDEX('Yield Sources'!$C$2:$C$1000,MATCH($A33,'Yield Sources'!$N$2:$N$1000,0)),"") -> 50 | L33: =IFERROR(INDEX('Yield Sources'!$D$2:$D$1000,MATCH($A33,'Yield Sources'!$N$2:$N$1000,0)),"") -> 95 | M33: =IFERROR(INDEX('Yield Sources'!$J$2:$J$1000,MATCH($A33,'Yield Sources'!$N$2:$N$1000,0))&"","") -> C | N33: =IF(COUNTIFS('Yield Sources'!$A$2:$A$1000,$A33,'Yield Sources'!$M$2:$M$1000,1)<2,"",ROUND(_xlfn.MAXIFS('Yield Sources'!$D$2:$D$1000,'Yield Sources'!$A$2:$A$1000,$A33,'Yield Sources'!$M$2:$M$1000,1)/_xlfn.MINIFS('Yield Sources'!$D$2:$D$1000,'Yield Sources'!$A$2:$A$1000,$A33,'Yield Sources'!$M$2:$M$1000,1),1)) | O33: 6 | P33: 4 | Q33: Moderate-slow (hours to days) | R33: Regional | S33: =IFERROR(INDEX('Clinical Sources'!$M$2:$M$1000,MATCH($A33&"|Annual deaths",'Clinical Sources'!$N$2:$N$1000,0)),"") | T33: =IFERROR(INDEX('Clinical Sources'!$M$2:$M$1000,MATCH($A33&"|Case-fatality rate",'Clinical Sources'!$N$2:$N$1000,0)),"") | U33: Clinical: Local tissue damage progresses over hours to days. | W33: Y | AD33: Carried from v3.2 text; source needed | AE33: Dry forest and farmland of Mexico and Central America.
A34: Dispholidus typus | B34: Boomslang | D34: Colubridae | E34: Sub-Saharan Africa | F34: =IF(COUNTIF(V34:AC34,"Y")=0,"",UPPER(MID(IF(V34="Y","/neurotoxic","")&IF(W34="Y","/hemotoxic","")&IF(X34="Y","/procoagulant","")&IF(Y34="Y","/anticoagulant","")&IF(Z34="Y","/hemorrhagic","")&IF(AA34="Y","/cytotoxic","")&IF(AB34="Y","/myotoxic","")&IF(AC34="Y","/cardiotoxic",""),2,1))&MID(IF(V34="Y","/neurotoxic","")&IF(W34="Y","/hemotoxic","")&IF(X34="Y","/procoagulant","")&IF(Y34="Y","/anticoagulant","")&IF(Z34="Y","/hemorrhagic","")&IF(AA34="Y","/cytotoxic","")&IF(AB34="Y","/myotoxic","")&IF(AC34="Y","/cardiotoxic",""),3,200)) -> Hemotoxic/procoagulant | G34: =IFERROR(INDEX('LD50 Sources'!$C$2:$C$1000,MATCH($A34,'LD50 Sources'!$L$2:$L$1000,0)),"") -> 0.07 | H34: =IFERROR(INDEX('LD50 Sources'!$D$2:$D$1000,MATCH($A34,'LD50 Sources'!$L$2:$L$1000,0))&"","") -> SC | I34: =IFERROR(INDEX('LD50 Sources'!$H$2:$H$1000,MATCH($A34,'LD50 Sources'!$L$2:$L$1000,0))&"","") -> C | J34: =IF(COUNTIFS('LD50 Sources'!$A$2:$A$1000,$A34,'LD50 Sources'!$K$2:$K$1000,1)<2,"",ROUND(_xlfn.MAXIFS('LD50 Sources'!$C$2:$C$1000,'LD50 Sources'!$A$2:$A$1000,$A34,'LD50 Sources'!$K$2:$K$1000,1)/_xlfn.MINIFS('LD50 Sources'!$C$2:$C$1000,'LD50 Sources'!$A$2:$A$1000,$A34,'LD50 Sources'!$K$2:$K$1000,1),1)) | K34: =IFERROR(INDEX('Yield Sources'!$C$2:$C$1000,MATCH($A34,'Yield Sources'!$N$2:$N$1000,0)),"") -> 1.6 | L34: =IFERROR(INDEX('Yield Sources'!$D$2:$D$1000,MATCH($A34,'Yield Sources'!$N$2:$N$1000,0)),"") -> 8 | M34: =IFERROR(INDEX('Yield Sources'!$J$2:$J$1000,MATCH($A34,'Yield Sources'!$N$2:$N$1000,0))&"","") -> C | N34: =IF(COUNTIFS('Yield Sources'!$A$2:$A$1000,$A34,'Yield Sources'!$M$2:$M$1000,1)<2,"",ROUND(_xlfn.MAXIFS('Yield Sources'!$D$2:$D$1000,'Yield Sources'!$A$2:$A$1000,$A34,'Yield Sources'!$M$2:$M$1000,1)/_xlfn.MINIFS('Yield Sources'!$D$2:$D$1000,'Yield Sources'!$A$2:$A$1000,$A34,'Yield Sources'!$M$2:$M$1000,1),1)) | O34: 2 | P34: 2 | Q34: Slow (24 h or more) | R34: Limited | S34: =IFERROR(INDEX('Clinical Sources'!$M$2:$M$1000,MATCH($A34&"|Annual deaths",'Clinical Sources'!$N$2:$N$1000,0)),"") | T34: =IFERROR(INDEX('Clinical Sources'!$M$2:$M$1000,MATCH($A34&"|Case-fatality rate",'Clinical Sources'!$N$2:$N$1000,0)),"") | U34: Clinical: Symptoms are often delayed and deceptively mild at first, with severe internal bleeding developing 1-2+ days later - this delay historically caused fatal misjudgment of bite severity (Karl Schmidt, 1957). Onset: Famously delayed onset. Venom: Procoagulant - prothrombin activators use up clotting factors, so the blood stops clotting (corrected 2026-09-29 from 'anticoagulant'). Antivenom: SAIMR/SAVP boomslang monovalent antivenom; the SAIMR polyvalent does not cover boomslang (corrected 2026-09-29). | W34: Y | X34: Y | AD34: Carried from v3.2 text; source needed | AE34: Lives in trees and bushes; rarely comes into contact with people.
A35: Pseudechis porphyriacus | B35: Common blacksnake | C35: Red-bellied black snake | D35: Elapidae | E35: Eastern Australia | F35: =IF(COUNTIF(V35:AC35,"Y")=0,"",UPPER(MID(IF(V35="Y","/neurotoxic","")&IF(W35="Y","/hemotoxic","")&IF(X35="Y","/procoagulant","")&IF(Y35="Y","/anticoagulant","")&IF(Z35="Y","/hemorrhagic","")&IF(AA35="Y","/cytotoxic","")&IF(AB35="Y","/myotoxic","")&IF(AC35="Y","/cardiotoxic",""),2,1))&MID(IF(V35="Y","/neurotoxic","")&IF(W35="Y","/hemotoxic","")&IF(X35="Y","/procoagulant","")&IF(Y35="Y","/anticoagulant","")&IF(Z35="Y","/hemorrhagic","")&IF(AA35="Y","/cytotoxic","")&IF(AB35="Y","/myotoxic","")&IF(AC35="Y","/cardiotoxic",""),3,200)) -> Neurotoxic/hemotoxic/anticoagulant | G35: =IFERROR(INDEX('LD50 Sources'!$C$2:$C$1000,MATCH($A35,'LD50 Sources'!$L$2:$L$1000,0)),"") -> 2.52 | H35: =IFERROR(INDEX('LD50 Sources'!$D$2:$D$1000,MATCH($A35,'LD50 Sources'!$L$2:$L$1000,0))&"","") -> SC | I35: =IFERROR(INDEX('LD50 Sources'!$H$2:$H$1000,MATCH($A35,'LD50 Sources'!$L$2:$L$1000,0))&"","") -> A | J35: =IF(COUNTIFS('LD50 Sources'!$A$2:$A$1000,$A35,'LD50 Sources'!$K$2:$K$1000,1)<2,"",ROUND(_xlfn.MAXIFS('LD50 Sources'!$C$2:$C$1000,'LD50 Sources'!$A$2:$A$1000,$A35,'LD50 Sources'!$K$2:$K$1000,1)/_xlfn.MINIFS('LD50 Sources'!$C$2:$C$1000,'LD50 Sources'!$A$2:$A$1000,$A35,'LD50 Sources'!$K$2:$K$1000,1),1)) | K35: =IFERROR(INDEX('Yield Sources'!$C$2:$C$1000,MATCH($A35,'Yield Sources'!$N$2:$N$1000,0)),"") -> 30 | L35: =IFERROR(INDEX('Yield Sources'!$D$2:$D$1000,MATCH($A35,'Yield Sources'!$N$2:$N$1000,0)),"") -> 50 | M35: =IFERROR(INDEX('Yield Sources'!$J$2:$J$1000,MATCH($A35,'Yield Sources'!$N$2:$N$1000,0))&"","") -> C | N35: =IF(COUNTIFS('Yield Sources'!$A$2:$A$1000,$A35,'Yield Sources'!$M$2:$M$1000,1)<2,"",ROUND(_xlfn.MAXIFS('Yield Sources'!$D$2:$D$1000,'Yield Sources'!$A$2:$A$1000,$A35,'Yield Sources'!$M$2:$M$1000,1)/_xlfn.MINIFS('Yield Sources'!$D$2:$D$1000,'Yield Sources'!$A$2:$A$1000,$A35,'Yield Sources'!$M$2:$M$1000,1),1)) | O35: 6 | P35: 2 | Q35: Moderate (6-24 h) | R35: Widely available | S35: =IFERROR(INDEX('Clinical Sources'!$M$2:$M$1000,MATCH($A35&"|Annual deaths",'Clinical Sources'!$N$2:$N$1000,0)),"") | T35: =IFERROR(INDEX('Clinical Sources'!$M$2:$M$1000,MATCH($A35&"|Case-fatality rate",'Clinical Sources'!$N$2:$N$1000,0)),"") | U35: Taxonomy: 'Red-bellied black snake' is the same species (merged). Clinical: Coagulopathy and mild neurotoxic effects develop over several hours. Antivenom: Australia. | V35: Y | W35: Y | Y35: Y | AD35: Carried from v3.2 text; source needed | AE35: Common near creeks and wetlands in eastern Australia, including farmland.
A36: Bungarus fasciatus | B36: Banded krait | D36: Elapidae | E36: South & Southeast Asia | F36: =IF(COUNTIF(V36:AC36,"Y")=0,"",UPPER(MID(IF(V36="Y","/neurotoxic","")&IF(W36="Y","/hemotoxic","")&IF(X36="Y","/procoagulant","")&IF(Y36="Y","/anticoagulant","")&IF(Z36="Y","/hemorrhagic","")&IF(AA36="Y","/cytotoxic","")&IF(AB36="Y","/myotoxic","")&IF(AC36="Y","/cardiotoxic",""),2,1))&MID(IF(V36="Y","/neurotoxic","")&IF(W36="Y","/hemotoxic","")&IF(X36="Y","/procoagulant","")&IF(Y36="Y","/anticoagulant","")&IF(Z36="Y","/hemorrhagic","")&IF(AA36="Y","/cytotoxic","")&IF(AB36="Y","/myotoxic","")&IF(AC36="Y","/cardiotoxic",""),3,200)) -> Neurotoxic | G36: =IFERROR(INDEX('LD50 Sources'!$C$2:$C$1000,MATCH($A36,'LD50 Sources'!$L$2:$L$1000,0)),"") -> 1.2 | H36: =IFERROR(INDEX('LD50 Sources'!$D$2:$D$1000,MATCH($A36,'LD50 Sources'!$L$2:$L$1000,0))&"","") -> SC | I36: =IFERROR(INDEX('LD50 Sources'!$H$2:$H$1000,MATCH($A36,'LD50 Sources'!$L$2:$L$1000,0))&"","") -> C | J36: =IF(COUNTIFS('LD50 Sources'!$A$2:$A$1000,$A36,'LD50 Sources'!$K$2:$K$1000,1)<2,"",ROUND(_xlfn.MAXIFS('LD50 Sources'!$C$2:$C$1000,'LD50 Sources'!$A$2:$A$1000,$A36,'LD50 Sources'!$K$2:$K$1000,1)/_xlfn.MINIFS('LD50 Sources'!$C$2:$C$1000,'LD50 Sources'!$A$2:$A$1000,$A36,'LD50 Sources'!$K$2:$K$1000,1),1)) | K36: =IFERROR(INDEX('Yield Sources'!$C$2:$C$1000,MATCH($A36,'Yield Sources'!$N$2:$N$1000,0)),"") -> 20 | L36: =IFERROR(INDEX('Yield Sources'!$D$2:$D$1000,MATCH($A36,'Yield Sources'!$N$2:$N$1000,0)),"") -> 114 | M36: =IFERROR(INDEX('Yield Sources'!$J$2:$J$1000,MATCH($A36,'Yield Sources'!$N$2:$N$1000,0))&"","") -> C | N36: =IF(COUNTIFS('Yield Sources'!$A$2:$A$1000,$A36,'Yield Sources'!$M$2:$M$1000,1)<2,"",ROUND(_xlfn.MAXIFS('Yield Sources'!$D$2:$D$1000,'Yield Sources'!$A$2:$A$1000,$A36,'Yield Sources'!$M$2:$M$1000,1)/_xlfn.MINIFS('Yield Sources'!$D$2:$D$1000,'Yield Sources'!$A$2:$A$1000,$A36,'Yield Sources'!$M$2:$M$1000,1),1)) | O36: 6 | P36: 2 | Q36: Fast (hours) | R36: Regional | S36: =IFERROR(INDEX('Clinical Sources'!$M$2:$M$1000,MATCH($A36&"|Annual deaths",'Clinical Sources'!$N$2:$N$1000,0)),"") | T36: =IFERROR(INDEX('Clinical Sources'!$M$2:$M$1000,MATCH($A36&"|Case-fatality rate",'Clinical Sources'!$N$2:$N$1000,0)),"") | U36: Clinical: Similar delayed-recognition risk to the common krait: painless bite can delay treatment even though paralysis progresses over hours. Onset: Fast once symptomatic. | V36: Y | AD36: Carried from v3.2 text; source needed | AE36: Widespread in South and Southeast Asian farmland; active at night.
A37: Montivipera xanthina | B37: Ottoman viper | C37: Rock viper; Coastal viper | D37: Viperidae | E37: E Mediterranean, Middle East | F37: =IF(COUNTIF(V37:AC37,"Y")=0,"",UPPER(MID(IF(V37="Y","/neurotoxic","")&IF(W37="Y","/hemotoxic","")&IF(X37="Y","/procoagulant","")&IF(Y37="Y","/anticoagulant","")&IF(Z37="Y","/hemorrhagic","")&IF(AA37="Y","/cytotoxic","")&IF(AB37="Y","/myotoxic","")&IF(AC37="Y","/cardiotoxic",""),2,1))&MID(IF(V37="Y","/neurotoxic","")&IF(W37="Y","/hemotoxic","")&IF(X37="Y","/procoagulant","")&IF(Y37="Y","/anticoagulant","")&IF(Z37="Y","/hemorrhagic","")&IF(AA37="Y","/cytotoxic","")&IF(AB37="Y","/myotoxic","")&IF(AC37="Y","/cardiotoxic",""),3,200)) -> Hemotoxic | G37: =IFERROR(INDEX('LD50 Sources'!$C$2:$C$1000,MATCH($A37,'LD50 Sources'!$L$2:$L$1000,0)),"") -> 0.2 | H37: =IFERROR(INDEX('LD50 Sources'!$D$2:$D$1000,MATCH($A37,'LD50 Sources'!$L$2:$L$1000,0))&"","") -> SC | I37: =IFERROR(INDEX('LD50 Sources'!$H$2:$H$1000,MATCH($A37,'LD50 Sources'!$L$2:$L$1000,0))&"","") -> C | J37: =IF(COUNTIFS('LD50 Sources'!$A$2:$A$1000,$A37,'LD50 Sources'!$K$2:$K$1000,1)<2,"",ROUND(_xlfn.MAXIFS('LD50 Sources'!$C$2:$C$1000,'LD50 Sources'!$A$2:$A$1000,$A37,'LD50 Sources'!$K$2:$K$1000,1)/_xlfn.MINIFS('LD50 Sources'!$C$2:$C$1000,'LD50 Sources'!$A$2:$A$1000,$A37,'LD50 Sources'!$K$2:$K$1000,1),1)) | K37: =IFERROR(INDEX('Yield Sources'!$C$2:$C$1000,MATCH($A37,'Yield Sources'!$N$2:$N$1000,0)),"") -> 8 | L37: =IFERROR(INDEX('Yield Sources'!$D$2:$D$1000,MATCH($A37,'Yield Sources'!$N$2:$N$1000,0)),"") -> 18 | M37: =IFERROR(INDEX('Yield Sources'!$J$2:$J$1000,MATCH($A37,'Yield Sources'!$N$2:$N$1000,0))&"","") -> C | N37: =IF(COUNTIFS('Yield Sources'!$A$2:$A$1000,$A37,'Yield Sources'!$M$2:$M$1000,1)<2,"",ROUND(_xlfn.MAXIFS('Yield Sources'!$D$2:$D$1000,'Yield Sources'!$A$2:$A$1000,$A37,'Yield Sources'!$M$2:$M$1000,1)/_xlfn.MINIFS('Yield Sources'!$D$2:$D$1000,'Yield Sources'!$A$2:$A$1000,$A37,'Yield Sources'!$M$2:$M$1000,1),1)) | O37: 5 | P37: 3 | Q37: Slow (24 h or more) | R37: Regional | S37: =IFERROR(INDEX('Clinical Sources'!$M$2:$M$1000,MATCH($A37&"|Annual deaths",'Clinical Sources'!$N$2:$N$1000,0)),"") | T37: =IFERROR(INDEX('Clinical Sources'!$M$2:$M$1000,MATCH($A37&"|Case-fatality rate",'Clinical Sources'!$N$2:$N$1000,0)),"") | U37: Clinical: Local damage and mild systemic effects develop gradually. | W37: Y | AD37: Carried from v3.2 text; source needed | AE37: Rocky hillsides of Turkey and the eastern Mediterranean.
A38: Agkistrodon piscivorus | B38: Cottonmouth | C38: Water moccasin | D38: Viperidae | E38: SE USA | F38: =IF(COUNTIF(V38:AC38,"Y")=0,"",UPPER(MID(IF(V38="Y","/neurotoxic","")&IF(W38="Y","/hemotoxic","")&IF(X38="Y","/procoagulant","")&IF(Y38="Y","/anticoagulant","")&IF(Z38="Y","/hemorrhagic","")&IF(AA38="Y","/cytotoxic","")&IF(AB38="Y","/myotoxic","")&IF(AC38="Y","/cardiotoxic",""),2,1))&MID(IF(V38="Y","/neurotoxic","")&IF(W38="Y","/hemotoxic","")&IF(X38="Y","/procoagulant","")&IF(Y38="Y","/anticoagulant","")&IF(Z38="Y","/hemorrhagic","")&IF(AA38="Y","/cytotoxic","")&IF(AB38="Y","/myotoxic","")&IF(AC38="Y","/cardiotoxic",""),3,200)) -> Hemotoxic | G38: =IFERROR(INDEX('LD50 Sources'!$C$2:$C$1000,MATCH($A38,'LD50 Sources'!$L$2:$L$1000,0)),"") -> 2.04 | H38: =IFERROR(INDEX('LD50 Sources'!$D$2:$D$1000,MATCH($A38,'LD50 Sources'!$L$2:$L$1000,0))&"","") -> SC | I38: =IFERROR(INDEX('LD50 Sources'!$H$2:$H$1000,MATCH($A38,'LD50 Sources'!$L$2:$L$1000,0))&"","") -> C | J38: =IF(COUNTIFS('LD50 Sources'!$A$2:$A$1000,$A38,'LD50 Sources'!$K$2:$K$1000,1)<2,"",ROUND(_xlfn.MAXIFS('LD50 Sources'!$C$2:$C$1000,'LD50 Sources'!$A$2:$A$1000,$A38,'LD50 Sources'!$K$2:$K$1000,1)/_xlfn.MINIFS('LD50 Sources'!$C$2:$C$1000,'LD50 Sources'!$A$2:$A$1000,$A38,'LD50 Sources'!$K$2:$K$1000,1),1)) | K38: =IFERROR(INDEX('Yield Sources'!$C$2:$C$1000,MATCH($A38,'Yield Sources'!$N$2:$N$1000,0)),"") -> 80 | L38: =IFERROR(INDEX('Yield Sources'!$D$2:$D$1000,MATCH($A38,'Yield Sources'!$N$2:$N$1000,0)),"") -> 170 | M38: =IFERROR(INDEX('Yield Sources'!$J$2:$J$1000,MATCH($A38,'Yield Sources'!$N$2:$N$1000,0))&"","") -> C | N38: =IF(COUNTIFS('Yield Sources'!$A$2:$A$1000,$A38,'Yield Sources'!$M$2:$M$1000,1)<2,"",ROUND(_xlfn.MAXIFS('Yield Sources'!$D$2:$D$1000,'Yield Sources'!$A$2:$A$1000,$A38,'Yield Sources'!$M$2:$M$1000,1)/_xlfn.MINIFS('Yield Sources'!$D$2:$D$1000,'Yield Sources'!$A$2:$A$1000,$A38,'Yield Sources'!$M$2:$M$1000,1),1)) | O38: 5 | P38: 3 | Q38: Slow (24 h or more) | R38: Widely available | S38: =IFERROR(INDEX('Clinical Sources'!$M$2:$M$1000,MATCH($A38&"|Annual deaths",'Clinical Sources'!$N$2:$N$1000,0)),"") | T38: =IFERROR(INDEX('Clinical Sources'!$M$2:$M$1000,MATCH($A38&"|Case-fatality rate",'Clinical Sources'!$N$2:$N$1000,0)),"") | U38: Clinical: Local tissue damage progresses over a day or more; fatalities are rare with treatment. Antivenom: USA. | W38: Y | AD38: Carried from v3.2 text; source needed | AE38: Common in wetlands of the SE USA.
A39: Bothrops jararaca | B39: Jararaca | D39: Viperidae | E39: South America | F39: =IF(COUNTIF(V39:AC39,"Y")=0,"",UPPER(MID(IF(V39="Y","/neurotoxic","")&IF(W39="Y","/hemotoxic","")&IF(X39="Y","/procoagulant","")&IF(Y39="Y","/anticoagulant","")&IF(Z39="Y","/hemorrhagic","")&IF(AA39="Y","/cytotoxic","")&IF(AB39="Y","/myotoxic","")&IF(AC39="Y","/cardiotoxic",""),2,1))&MID(IF(V39="Y","/neurotoxic","")&IF(W39="Y","/hemotoxic","")&IF(X39="Y","/procoagulant","")&IF(Y39="Y","/anticoagulant","")&IF(Z39="Y","/hemorrhagic","")&IF(AA39="Y","/cytotoxic","")&IF(AB39="Y","/myotoxic","")&IF(AC39="Y","/cardiotoxic",""),3,200)) -> Hemotoxic | G39: =IFERROR(INDEX('LD50 Sources'!$C$2:$C$1000,MATCH($A39,'LD50 Sources'!$L$2:$L$1000,0)),"") -> 1.1 | H39: =IFERROR(INDEX('LD50 Sources'!$D$2:$D$1000,MATCH($A39,'LD50 Sources'!$L$2:$L$1000,0))&"","") -> SC | I39: =IFERROR(INDEX('LD50 Sources'!$H$2:$H$1000,MATCH($A39,'LD50 Sources'!$L$2:$L$1000,0))&"","") -> C | J39: =IF(COUNTIFS('LD50 Sources'!$A$2:$A$1000,$A39,'LD50 Sources'!$K$2:$K$1000,1)<2,"",ROUND(_xlfn.MAXIFS('LD50 Sources'!$C$2:$C$1000,'LD50 Sources'!$A$2:$A$1000,$A39,'LD50 Sources'!$K$2:$K$1000,1)/_xlfn.MINIFS('LD50 Sources'!$C$2:$C$1000,'LD50 Sources'!$A$2:$A$1000,$A39,'LD50 Sources'!$K$2:$K$1000,1),1)) | K39: =IFERROR(INDEX('Yield Sources'!$C$2:$C$1000,MATCH($A39,'Yield Sources'!$N$2:$N$1000,0)),"") -> 40 | L39: =IFERROR(INDEX('Yield Sources'!$D$2:$D$1000,MATCH($A39,'Yield Sources'!$N$2:$N$1000,0)),"") -> 70 | M39: =IFERROR(INDEX('Yield Sources'!$J$2:$J$1000,MATCH($A39,'Yield Sources'!$N$2:$N$1000,0))&"","") -> C | N39: =IF(COUNTIFS('Yield Sources'!$A$2:$A$1000,$A39,'Yield Sources'!$M$2:$M$1000,1)<2,"",ROUND(_xlfn.MAXIFS('Yield Sources'!$D$2:$D$1000,'Yield Sources'!$A$2:$A$1000,$A39,'Yield Sources'!$M$2:$M$1000,1)/_xlfn.MINIFS('Yield Sources'!$D$2:$D$1000,'Yield Sources'!$A$2:$A$1000,$A39,'Yield Sources'!$M$2:$M$1000,1),1)) -> 4.3 | O39: 8 | P39: 4 | Q39: Moderate-slow (hours to days) | R39: Regional | S39: =IFERROR(INDEX('Clinical Sources'!$M$2:$M$1000,MATCH($A39&"|Annual deaths",'Clinical Sources'!$N$2:$N$1000,0)),"") | T39: =IFERROR(INDEX('Clinical Sources'!$M$2:$M$1000,MATCH($A39&"|Case-fatality rate",'Clinical Sources'!$N$2:$N$1000,0)),"") | U39: Clinical: Coagulopathy and local damage progress over hours to a couple of days. Antivenom: Brazil. | W39: Y | AD39: Carried from v3.2 text; source needed | AE39: Common in farmland and forest edges of SE Brazil.
A40: Hydrophis platurus | B40: Yellow-bellied sea snake | C40: Pelagic sea snake | D40: Elapidae | E40: Pacific & Indian Oceans | F40: =IF(COUNTIF(V40:AC40,"Y")=0,"",UPPER(MID(IF(V40="Y","/neurotoxic","")&IF(W40="Y","/hemotoxic","")&IF(X40="Y","/procoagulant","")&IF(Y40="Y","/anticoagulant","")&IF(Z40="Y","/hemorrhagic","")&IF(AA40="Y","/cytotoxic","")&IF(AB40="Y","/myotoxic","")&IF(AC40="Y","/cardiotoxic",""),2,1))&MID(IF(V40="Y","/neurotoxic","")&IF(W40="Y","/hemotoxic","")&IF(X40="Y","/procoagulant","")&IF(Y40="Y","/anticoagulant","")&IF(Z40="Y","/hemorrhagic","")&IF(AA40="Y","/cytotoxic","")&IF(AB40="Y","/myotoxic","")&IF(AC40="Y","/cardiotoxic",""),3,200)) -> Neurotoxic | G40: =IFERROR(INDEX('LD50 Sources'!$C$2:$C$1000,MATCH($A40,'LD50 Sources'!$L$2:$L$1000,0)),"") -> 0.07 | H40: =IFERROR(INDEX('LD50 Sources'!$D$2:$D$1000,MATCH($A40,'LD50 Sources'!$L$2:$L$1000,0))&"","") -> SC | I40: =IFERROR(INDEX('LD50 Sources'!$H$2:$H$1000,MATCH($A40,'LD50 Sources'!$L$2:$L$1000,0))&"","") -> C | J40: =IF(COUNTIFS('LD50 Sources'!$A$2:$A$1000,$A40,'LD50 Sources'!$K$2:$K$1000,1)<2,"",ROUND(_xlfn.MAXIFS('LD50 Sources'!$C$2:$C$1000,'LD50 Sources'!$A$2:$A$1000,$A40,'LD50 Sources'!$K$2:$K$1000,1)/_xlfn.MINIFS('LD50 Sources'!$C$2:$C$1000,'LD50 Sources'!$A$2:$A$1000,$A40,'LD50 Sources'!$K$2:$K$1000,1),1)) | K40: =IFERROR(INDEX('Yield Sources'!$C$2:$C$1000,MATCH($A40,'Yield Sources'!$N$2:$N$1000,0)),"") -> 1 | L40: =IFERROR(INDEX('Yield Sources'!$D$2:$D$1000,MATCH($A40,'Yield Sources'!$N$2:$N$1000,0)),"") -> 4 | M40: =IFERROR(INDEX('Yield Sources'!$J$2:$J$1000,MATCH($A40,'Yield Sources'!$N$2:$N$1000,0))&"","") -> C | N40: =IF(COUNTIFS('Yield Sources'!$A$2:$A$1000,$A40,'Yield Sources'!$M$2:$M$1000,1)<2,"",ROUND(_xlfn.MAXIFS('Yield Sources'!$D$2:$D$1000,'Yield Sources'!$A$2:$A$1000,$A40,'Yield Sources'!$M$2:$M$1000,1)/_xlfn.MINIFS('Yield Sources'!$D$2:$D$1000,'Yield Sources'!$A$2:$A$1000,$A40,'Yield Sources'!$M$2:$M$1000,1),1)) | O40: 1 | P40: 1 | Q40: Moderate (6-24 h) | R40: Limited | S40: =IFERROR(INDEX('Clinical Sources'!$M$2:$M$1000,MATCH($A40&"|Annual deaths",'Clinical Sources'!$N$2:$N$1000,0)),"") | T40: =IFERROR(INDEX('Clinical Sources'!$M$2:$M$1000,MATCH($A40&"|Case-fatality rate",'Clinical Sources'!$N$2:$N$1000,0)),"") | U40: Taxonomy: Formerly Pelamis platura. Clinical: Myotoxicity and paralysis, when they occur, progress over several hours. | V40: Y | AD40: Carried from v3.2 text; source needed | AE40: Open-ocean sea snake; rarely met except washed up on beaches.
A41: Bothrops picadoi | B41: Picado's pit viper | D41: Viperidae | E41: Central America | F41: =IF(COUNTIF(V41:AC41,"Y")=0,"",UPPER(MID(IF(V41="Y","/neurotoxic","")&IF(W41="Y","/hemotoxic","")&IF(X41="Y","/procoagulant","")&IF(Y41="Y","/anticoagulant","")&IF(Z41="Y","/hemorrhagic","")&IF(AA41="Y","/cytotoxic","")&IF(AB41="Y","/myotoxic","")&IF(AC41="Y","/cardiotoxic",""),2,1))&MID(IF(V41="Y","/neurotoxic","")&IF(W41="Y","/hemotoxic","")&IF(X41="Y","/procoagulant","")&IF(Y41="Y","/anticoagulant","")&IF(Z41="Y","/hemorrhagic","")&IF(AA41="Y","/cytotoxic","")&IF(AB41="Y","/myotoxic","")&IF(AC41="Y","/cardiotoxic",""),3,200)) -> Hemotoxic | G41: =IFERROR(INDEX('LD50 Sources'!$C$2:$C$1000,MATCH($A41,'LD50 Sources'!$L$2:$L$1000,0)),"") -> 1.33 | H41: =IFERROR(INDEX('LD50 Sources'!$D$2:$D$1000,MATCH($A41,'LD50 Sources'!$L$2:$L$1000,0))&"","") -> SC | I41: =IFERROR(INDEX('LD50 Sources'!$H$2:$H$1000,MATCH($A41,'LD50 Sources'!$L$2:$L$1000,0))&"","") -> C | J41: =IF(COUNTIFS('LD50 Sources'!$A$2:$A$1000,$A41,'LD50 Sources'!$K$2:$K$1000,1)<2,"",ROUND(_xlfn.MAXIFS('LD50 Sources'!$C$2:$C$1000,'LD50 Sources'!$A$2:$A$1000,$A41,'LD50 Sources'!$K$2:$K$1000,1)/_xlfn.MINIFS('LD50 Sources'!$C$2:$C$1000,'LD50 Sources'!$A$2:$A$1000,$A41,'LD50 Sources'!$K$2:$K$1000,1),1)) | K41: =IFERROR(INDEX('Yield Sources'!$C$2:$C$1000,MATCH($A41,'Yield Sources'!$N$2:$N$1000,0)),"") -> 5 | L41: =IFERROR(INDEX('Yield Sources'!$D$2:$D$1000,MATCH($A41,'Yield Sources'!$N$2:$N$1000,0)),"") -> 70 | M41: =IFERROR(INDEX('Yield Sources'!$J$2:$J$1000,MATCH($A41,'Yield Sources'!$N$2:$N$1000,0))&"","") -> C | N41: =IF(COUNTIFS('Yield Sources'!$A$2:$A$1000,$A41,'Yield Sources'!$M$2:$M$1000,1)<2,"",ROUND(_xlfn.MAXIFS('Yield Sources'!$D$2:$D$1000,'Yield Sources'!$A$2:$A$1000,$A41,'Yield Sources'!$M$2:$M$1000,1)/_xlfn.MINIFS('Yield Sources'!$D$2:$D$1000,'Yield Sources'!$A$2:$A$1000,$A41,'Yield Sources'!$M$2:$M$1000,1),1)) | O41: 3 | P41: 2 | Q41: Slow (24 h or more) | R41: Regional | S41: =IFERROR(INDEX('Clinical Sources'!$M$2:$M$1000,MATCH($A41&"|Annual deaths",'Clinical Sources'!$N$2:$N$1000,0)),"") | T41: =IFERROR(INDEX('Clinical Sources'!$M$2:$M$1000,MATCH($A41&"|Case-fatality rate",'Clinical Sources'!$N$2:$N$1000,0)),"") | U41: Clinical: Local swelling and coagulopathy develop gradually. | W41: Y | AD41: Carried from v3.2 text; source needed | AE41: Mountain forests of Central America; rarely met.
A42: Bothrops alternatus | B42: Urutu | C42: Crossed pit viper | D42: Viperidae | E42: South America | F42: =IF(COUNTIF(V42:AC42,"Y")=0,"",UPPER(MID(IF(V42="Y","/neurotoxic","")&IF(W42="Y","/hemotoxic","")&IF(X42="Y","/procoagulant","")&IF(Y42="Y","/anticoagulant","")&IF(Z42="Y","/hemorrhagic","")&IF(AA42="Y","/cytotoxic","")&IF(AB42="Y","/myotoxic","")&IF(AC42="Y","/cardiotoxic",""),2,1))&MID(IF(V42="Y","/neurotoxic","")&IF(W42="Y","/hemotoxic","")&IF(X42="Y","/procoagulant","")&IF(Y42="Y","/anticoagulant","")&IF(Z42="Y","/hemorrhagic","")&IF(AA42="Y","/cytotoxic","")&IF(AB42="Y","/myotoxic","")&IF(AC42="Y","/cardiotoxic",""),3,200)) -> Hemotoxic | G42: =IFERROR(INDEX('LD50 Sources'!$C$2:$C$1000,MATCH($A42,'LD50 Sources'!$L$2:$L$1000,0)),"") -> 2 | H42: =IFERROR(INDEX('LD50 Sources'!$D$2:$D$1000,MATCH($A42,'LD50 Sources'!$L$2:$L$1000,0))&"","") -> SC | I42: =IFERROR(INDEX('LD50 Sources'!$H$2:$H$1000,MATCH($A42,'LD50 Sources'!$L$2:$L$1000,0))&"","") -> C | J42: =IF(COUNTIFS('LD50 Sources'!$A$2:$A$1000,$A42,'LD50 Sources'!$K$2:$K$1000,1)<2,"",ROUND(_xlfn.MAXIFS('LD50 Sources'!$C$2:$C$1000,'LD50 Sources'!$A$2:$A$1000,$A42,'LD50 Sources'!$K$2:$K$1000,1)/_xlfn.MINIFS('LD50 Sources'!$C$2:$C$1000,'LD50 Sources'!$A$2:$A$1000,$A42,'LD50 Sources'!$K$2:$K$1000,1),1)) | K42: =IFERROR(INDEX('Yield Sources'!$C$2:$C$1000,MATCH($A42,'Yield Sources'!$N$2:$N$1000,0)),"") -> 60 | L42: =IFERROR(INDEX('Yield Sources'!$D$2:$D$1000,MATCH($A42,'Yield Sources'!$N$2:$N$1000,0)),"") -> 100 | M42: =IFERROR(INDEX('Yield Sources'!$J$2:$J$1000,MATCH($A42,'Yield Sources'!$N$2:$N$1000,0))&"","") -> C | N42: =IF(COUNTIFS('Yield Sources'!$A$2:$A$1000,$A42,'Yield Sources'!$M$2:$M$1000,1)<2,"",ROUND(_xlfn.MAXIFS('Yield Sources'!$D$2:$D$1000,'Yield Sources'!$A$2:$A$1000,$A42,'Yield Sources'!$M$2:$M$1000,1)/_xlfn.MINIFS('Yield Sources'!$D$2:$D$1000,'Yield Sources'!$A$2:$A$1000,$A42,'Yield Sources'!$M$2:$M$1000,1),1)) | O42: 6 | P42: 3 | Q42: Slow (24 h or more) | R42: Regional | S42: =IFERROR(INDEX('Clinical Sources'!$M$2:$M$1000,MATCH($A42&"|Annual deaths",'Clinical Sources'!$N$2:$N$1000,0)),"") | T42: =IFERROR(INDEX('Clinical Sources'!$M$2:$M$1000,MATCH($A42&"|Case-fatality rate",'Clinical Sources'!$N$2:$N$1000,0)),"") | U42: Taxonomy: Also placed in Rhinocerophis. Clinical: Local tissue damage progresses over a day or more. | W42: Y | AD42: Carried from v3.2 text; source needed | AE42: Grassland and farmland of southern South America.
A43: Calloselasma rhodostoma | B43: Malayan pit viper | D43: Viperidae | E43: Southeast Asia | F43: =IF(COUNTIF(V43:AC43,"Y")=0,"",UPPER(MID(IF(V43="Y","/neurotoxic","")&IF(W43="Y","/hemotoxic","")&IF(X43="Y","/procoagulant","")&IF(Y43="Y","/anticoagulant","")&IF(Z43="Y","/hemorrhagic","")&IF(AA43="Y","/cytotoxic","")&IF(AB43="Y","/myotoxic","")&IF(AC43="Y","/cardiotoxic",""),2,1))&MID(IF(V43="Y","/neurotoxic","")&IF(W43="Y","/hemotoxic","")&IF(X43="Y","/procoagulant","")&IF(Y43="Y","/anticoagulant","")&IF(Z43="Y","/hemorrhagic","")&IF(AA43="Y","/cytotoxic","")&IF(AB43="Y","/myotoxic","")&IF(AC43="Y","/cardiotoxic",""),3,200)) -> Hemotoxic | G43: =IFERROR(INDEX('LD50 Sources'!$C$2:$C$1000,MATCH($A43,'LD50 Sources'!$L$2:$L$1000,0)),"") -> 1.24 | H43: =IFERROR(INDEX('LD50 Sources'!$D$2:$D$1000,MATCH($A43,'LD50 Sources'!$L$2:$L$1000,0))&"","") -> SC | I43: =IFERROR(INDEX('LD50 Sources'!$H$2:$H$1000,MATCH($A43,'LD50 Sources'!$L$2:$L$1000,0))&"","") -> C | J43: =IF(COUNTIFS('LD50 Sources'!$A$2:$A$1000,$A43,'LD50 Sources'!$K$2:$K$1000,1)<2,"",ROUND(_xlfn.MAXIFS('LD50 Sources'!$C$2:$C$1000,'LD50 Sources'!$A$2:$A$1000,$A43,'LD50 Sources'!$K$2:$K$1000,1)/_xlfn.MINIFS('LD50 Sources'!$C$2:$C$1000,'LD50 Sources'!$A$2:$A$1000,$A43,'LD50 Sources'!$K$2:$K$1000,1),1)) | K43: =IFERROR(INDEX('Yield Sources'!$C$2:$C$1000,MATCH($A43,'Yield Sources'!$N$2:$N$1000,0)),"") -> 40 | L43: =IFERROR(INDEX('Yield Sources'!$D$2:$D$1000,MATCH($A43,'Yield Sources'!$N$2:$N$1000,0)),"") -> 60 | M43: =IFERROR(INDEX('Yield Sources'!$J$2:$J$1000,MATCH($A43,'Yield Sources'!$N$2:$N$1000,0))&"","") -> C | N43: =IF(COUNTIFS('Yield Sources'!$A$2:$A$1000,$A43,'Yield Sources'!$M$2:$M$1000,1)<2,"",ROUND(_xlfn.MAXIFS('Yield Sources'!$D$2:$D$1000,'Yield Sources'!$A$2:$A$1000,$A43,'Yield Sources'!$M$2:$M$1000,1)/_xlfn.MINIFS('Yield Sources'!$D$2:$D$1000,'Yield Sources'!$A$2:$A$1000,$A43,'Yield Sources'!$M$2:$M$1000,1),1)) | O43: 6 | P43: 4 | Q43: Slow (24 h or more) | R43: Regional | S43: =IFERROR(INDEX('Clinical Sources'!$M$2:$M$1000,MATCH($A43&"|Annual deaths",'Clinical Sources'!$N$2:$N$1000,0)),"") | T43: =IFERROR(INDEX('Clinical Sources'!$M$2:$M$1000,MATCH($A43&"|Case-fatality rate",'Clinical Sources'!$N$2:$N$1000,0)),"") | U43: Clinical: Severe local swelling and coagulopathy; fatalities are uncommon but tissue damage/amputation risk is high. | W43: Y | AD43: Carried from v3.2 text; source needed | AE43: Common in plantations and farmland of Southeast Asia.
A44: Micrurus frontalis | B44: Southern coral snake | D44: Elapidae | E44: South America | F44: =IF(COUNTIF(V44:AC44,"Y")=0,"",UPPER(MID(IF(V44="Y","/neurotoxic","")&IF(W44="Y","/hemotoxic","")&IF(X44="Y","/procoagulant","")&IF(Y44="Y","/anticoagulant","")&IF(Z44="Y","/hemorrhagic","")&IF(AA44="Y","/cytotoxic","")&IF(AB44="Y","/myotoxic","")&IF(AC44="Y","/cardiotoxic",""),2,1))&MID(IF(V44="Y","/neurotoxic","")&IF(W44="Y","/hemotoxic","")&IF(X44="Y","/procoagulant","")&IF(Y44="Y","/anticoagulant","")&IF(Z44="Y","/hemorrhagic","")&IF(AA44="Y","/cytotoxic","")&IF(AB44="Y","/myotoxic","")&IF(AC44="Y","/cardiotoxic",""),3,200)) -> Neurotoxic | G44: =IFERROR(INDEX('LD50 Sources'!$C$2:$C$1000,MATCH($A44,'LD50 Sources'!$L$2:$L$1000,0)),"") -> 0.63 | H44: =IFERROR(INDEX('LD50 Sources'!$D$2:$D$1000,MATCH($A44,'LD50 Sources'!$L$2:$L$1000,0))&"","") -> SC | I44: =IFERROR(INDEX('LD50 Sources'!$H$2:$H$1000,MATCH($A44,'LD50 Sources'!$L$2:$L$1000,0))&"","") -> C | J44: =IF(COUNTIFS('LD50 Sources'!$A$2:$A$1000,$A44,'LD50 Sources'!$K$2:$K$1000,1)<2,"",ROUND(_xlfn.MAXIFS('LD50 Sources'!$C$2:$C$1000,'LD50 Sources'!$A$2:$A$1000,$A44,'LD50 Sources'!$K$2:$K$1000,1)/_xlfn.MINIFS('LD50 Sources'!$C$2:$C$1000,'LD50 Sources'!$A$2:$A$1000,$A44,'LD50 Sources'!$K$2:$K$1000,1),1)) | K44: =IFERROR(INDEX('Yield Sources'!$C$2:$C$1000,MATCH($A44,'Yield Sources'!$N$2:$N$1000,0)),"") -> 20 | L44: =IFERROR(INDEX('Yield Sources'!$D$2:$D$1000,MATCH($A44,'Yield Sources'!$N$2:$N$1000,0)),"") -> 30 | M44: =IFERROR(INDEX('Yield Sources'!$J$2:$J$1000,MATCH($A44,'Yield Sources'!$N$2:$N$1000,0))&"","") -> C | N44: =IF(COUNTIFS('Yield Sources'!$A$2:$A$1000,$A44,'Yield Sources'!$M$2:$M$1000,1)<2,"",ROUND(_xlfn.MAXIFS('Yield Sources'!$D$2:$D$1000,'Yield Sources'!$A$2:$A$1000,$A44,'Yield Sources'!$M$2:$M$1000,1)/_xlfn.MINIFS('Yield Sources'!$D$2:$D$1000,'Yield Sources'!$A$2:$A$1000,$A44,'Yield Sources'!$M$2:$M$1000,1),1)) | O44: 3 | P44: 2 | Q44: Moderate (6-24 h) | R44: Limited | S44: =IFERROR(INDEX('Clinical Sources'!$M$2:$M$1000,MATCH($A44&"|Annual deaths",'Clinical Sources'!$N$2:$N$1000,0)),"") | T44: =IFERROR(INDEX('Clinical Sources'!$M$2:$M$1000,MATCH($A44&"|Case-fatality rate",'Clinical Sources'!$N$2:$N$1000,0)),"") | U44: Clinical: Paralysis can progress over several hours once envenomation occurs. | V44: Y | AD44: Carried from v3.2 text; source needed | AE44: Lives in leaf litter and soil; seldom seen.
A45: Micrurus fulvius | B45: Harlequin coral snake | C45: Eastern coral snake | D45: Elapidae | E45: SE USA | F45: =IF(COUNTIF(V45:AC45,"Y")=0,"",UPPER(MID(IF(V45="Y","/neurotoxic","")&IF(W45="Y","/hemotoxic","")&IF(X45="Y","/procoagulant","")&IF(Y45="Y","/anticoagulant","")&IF(Z45="Y","/hemorrhagic","")&IF(AA45="Y","/cytotoxic","")&IF(AB45="Y","/myotoxic","")&IF(AC45="Y","/cardiotoxic",""),2,1))&MID(IF(V45="Y","/neurotoxic","")&IF(W45="Y","/hemotoxic","")&IF(X45="Y","/procoagulant","")&IF(Y45="Y","/anticoagulant","")&IF(Z45="Y","/hemorrhagic","")&IF(AA45="Y","/cytotoxic","")&IF(AB45="Y","/myotoxic","")&IF(AC45="Y","/cardiotoxic",""),3,200)) -> Neurotoxic | G45: =IFERROR(INDEX('LD50 Sources'!$C$2:$C$1000,MATCH($A45,'LD50 Sources'!$L$2:$L$1000,0)),"") -> 0.2 | H45: =IFERROR(INDEX('LD50 Sources'!$D$2:$D$1000,MATCH($A45,'LD50 Sources'!$L$2:$L$1000,0))&"","") -> SC | I45: =IFERROR(INDEX('LD50 Sources'!$H$2:$H$1000,MATCH($A45,'LD50 Sources'!$L$2:$L$1000,0))&"","") -> C | J45: =IF(COUNTIFS('LD50 Sources'!$A$2:$A$1000,$A45,'LD50 Sources'!$K$2:$K$1000,1)<2,"",ROUND(_xlfn.MAXIFS('LD50 Sources'!$C$2:$C$1000,'LD50 Sources'!$A$2:$A$1000,$A45,'LD50 Sources'!$K$2:$K$1000,1)/_xlfn.MINIFS('LD50 Sources'!$C$2:$C$1000,'LD50 Sources'!$A$2:$A$1000,$A45,'LD50 Sources'!$K$2:$K$1000,1),1)) | K45: =IFERROR(INDEX('Yield Sources'!$C$2:$C$1000,MATCH($A45,'Yield Sources'!$N$2:$N$1000,0)),"") -> 3 | L45: =IFERROR(INDEX('Yield Sources'!$D$2:$D$1000,MATCH($A45,'Yield Sources'!$N$2:$N$1000,0)),"") -> 5 | M45: =IFERROR(INDEX('Yield Sources'!$J$2:$J$1000,MATCH($A45,'Yield Sources'!$N$2:$N$1000,0))&"","") -> C | N45: =IF(COUNTIFS('Yield Sources'!$A$2:$A$1000,$A45,'Yield Sources'!$M$2:$M$1000,1)<2,"",ROUND(_xlfn.MAXIFS('Yield Sources'!$D$2:$D$1000,'Yield Sources'!$A$2:$A$1000,$A45,'Yield Sources'!$M$2:$M$1000,1)/_xlfn.MINIFS('Yield Sources'!$D$2:$D$1000,'Yield Sources'!$A$2:$A$1000,$A45,'Yield Sources'!$M$2:$M$1000,1),1)) | O45: 2 | P45: 2 | Q45: Moderate (6-24 h) | R45: Limited | S45: =IFERROR(INDEX('Clinical Sources'!$M$2:$M$1000,MATCH($A45&"|Annual deaths",'Clinical Sources'!$N$2:$N$1000,0)),"") | T45: =IFERROR(INDEX('Clinical Sources'!$M$2:$M$1000,MATCH($A45&"|Case-fatality rate",'Clinical Sources'!$N$2:$N$1000,0)),"") | U45: Taxonomy: Duplicate 'Eastern coral snake' row previously removed (same species). Clinical: Paralysis can develop over several hours; low yield limits real-world severity. Antivenom: USA. | V45: Y | AD45: Carried from v3.2 text; source needed | AE45: Secretive and mostly underground; seldom seen.
A46: Metlapilcoatlus nummifer | B46: Jumping pit viper | C46: Mexican jumping pit viper | D46: Viperidae | E46: Central America | F46: =IF(COUNTIF(V46:AC46,"Y")=0,"",UPPER(MID(IF(V46="Y","/neurotoxic","")&IF(W46="Y","/hemotoxic","")&IF(X46="Y","/procoagulant","")&IF(Y46="Y","/anticoagulant","")&IF(Z46="Y","/hemorrhagic","")&IF(AA46="Y","/cytotoxic","")&IF(AB46="Y","/myotoxic","")&IF(AC46="Y","/cardiotoxic",""),2,1))&MID(IF(V46="Y","/neurotoxic","")&IF(W46="Y","/hemotoxic","")&IF(X46="Y","/procoagulant","")&IF(Y46="Y","/anticoagulant","")&IF(Z46="Y","/hemorrhagic","")&IF(AA46="Y","/cytotoxic","")&IF(AB46="Y","/myotoxic","")&IF(AC46="Y","/cardiotoxic",""),3,200)) -> Hemotoxic | G46: =IFERROR(INDEX('LD50 Sources'!$C$2:$C$1000,MATCH($A46,'LD50 Sources'!$L$2:$L$1000,0)),"") -> 2.4 | H46: =IFERROR(INDEX('LD50 Sources'!$D$2:$D$1000,MATCH($A46,'LD50 Sources'!$L$2:$L$1000,0))&"","") -> SC | I46: =IFERROR(INDEX('LD50 Sources'!$H$2:$H$1000,MATCH($A46,'LD50 Sources'!$L$2:$L$1000,0))&"","") -> C | J46: =IF(COUNTIFS('LD50 Sources'!$A$2:$A$1000,$A46,'LD50 Sources'!$K$2:$K$1000,1)<2,"",ROUND(_xlfn.MAXIFS('LD50 Sources'!$C$2:$C$1000,'LD50 Sources'!$A$2:$A$1000,$A46,'LD50 Sources'!$K$2:$K$1000,1)/_xlfn.MINIFS('LD50 Sources'!$C$2:$C$1000,'LD50 Sources'!$A$2:$A$1000,$A46,'LD50 Sources'!$K$2:$K$1000,1),1)) | K46: =IFERROR(INDEX('Yield Sources'!$C$2:$C$1000,MATCH($A46,'Yield Sources'!$N$2:$N$1000,0)),"") -> 40 | L46: =IFERROR(INDEX('Yield Sources'!$D$2:$D$1000,MATCH($A46,'Yield Sources'!$N$2:$N$1000,0)),"") -> 60 | M46: =IFERROR(INDEX('Yield Sources'!$J$2:$J$1000,MATCH($A46,'Yield Sources'!$N$2:$N$1000,0))&"","") -> C | N46: =IF(COUNTIFS('Yield Sources'!$A$2:$A$1000,$A46,'Yield Sources'!$M$2:$M$1000,1)<2,"",ROUND(_xlfn.MAXIFS('Yield Sources'!$D$2:$D$1000,'Yield Sources'!$A$2:$A$1000,$A46,'Yield Sources'!$M$2:$M$1000,1)/_xlfn.MINIFS('Yield Sources'!$D$2:$D$1000,'Yield Sources'!$A$2:$A$1000,$A46,'Yield Sources'!$M$2:$M$1000,1),1)) | O46: 4 | P46: 4 | Q46: Slow (24 h or more) | R46: Regional | S46: =IFERROR(INDEX('Clinical Sources'!$M$2:$M$1000,MATCH($A46&"|Annual deaths",'Clinical Sources'!$N$2:$N$1000,0)),"") | T46: =IFERROR(INDEX('Clinical Sources'!$M$2:$M$1000,MATCH($A46&"|Case-fatality rate",'Clinical Sources'!$N$2:$N$1000,0)),"") | U46: Taxonomy: Formerly Atropoides nummifer. Clinical: Local tissue damage develops gradually. | W46: Y | AD46: Carried from v3.2 text; source needed | AE46: Forest floor of Central America; met occasionally.
A47: Hydrophis hardwickii | B47: Hardwicke's sea snake | C47: Spine-bellied sea snake | D47: Elapidae | E47: Indo-Pacific | F47: =IF(COUNTIF(V47:AC47,"Y")=0,"",UPPER(MID(IF(V47="Y","/neurotoxic","")&IF(W47="Y","/hemotoxic","")&IF(X47="Y","/procoagulant","")&IF(Y47="Y","/anticoagulant","")&IF(Z47="Y","/hemorrhagic","")&IF(AA47="Y","/cytotoxic","")&IF(AB47="Y","/myotoxic","")&IF(AC47="Y","/cardiotoxic",""),2,1))&MID(IF(V47="Y","/neurotoxic","")&IF(W47="Y","/hemotoxic","")&IF(X47="Y","/procoagulant","")&IF(Y47="Y","/anticoagulant","")&IF(Z47="Y","/hemorrhagic","")&IF(AA47="Y","/cytotoxic","")&IF(AB47="Y","/myotoxic","")&IF(AC47="Y","/cardiotoxic",""),3,200)) -> Neurotoxic | G47: =IFERROR(INDEX('LD50 Sources'!$C$2:$C$1000,MATCH($A47,'LD50 Sources'!$L$2:$L$1000,0)),"") -> 0.62 | H47: =IFERROR(INDEX('LD50 Sources'!$D$2:$D$1000,MATCH($A47,'LD50 Sources'!$L$2:$L$1000,0))&"","") -> SC | I47: =IFERROR(INDEX('LD50 Sources'!$H$2:$H$1000,MATCH($A47,'LD50 Sources'!$L$2:$L$1000,0))&"","") -> C | J47: =IF(COUNTIFS('LD50 Sources'!$A$2:$A$1000,$A47,'LD50 Sources'!$K$2:$K$1000,1)<2,"",ROUND(_xlfn.MAXIFS('LD50 Sources'!$C$2:$C$1000,'LD50 Sources'!$A$2:$A$1000,$A47,'LD50 Sources'!$K$2:$K$1000,1)/_xlfn.MINIFS('LD50 Sources'!$C$2:$C$1000,'LD50 Sources'!$A$2:$A$1000,$A47,'LD50 Sources'!$K$2:$K$1000,1),1)) | K47: =IFERROR(INDEX('Yield Sources'!$C$2:$C$1000,MATCH($A47,'Yield Sources'!$N$2:$N$1000,0)),"") -> 2.4 | L47: =IFERROR(INDEX('Yield Sources'!$D$2:$D$1000,MATCH($A47,'Yield Sources'!$N$2:$N$1000,0)),"") -> 15 | M47: =IFERROR(INDEX('Yield Sources'!$J$2:$J$1000,MATCH($A47,'Yield Sources'!$N$2:$N$1000,0))&"","") -> C | N47: =IF(COUNTIFS('Yield Sources'!$A$2:$A$1000,$A47,'Yield Sources'!$M$2:$M$1000,1)<2,"",ROUND(_xlfn.MAXIFS('Yield Sources'!$D$2:$D$1000,'Yield Sources'!$A$2:$A$1000,$A47,'Yield Sources'!$M$2:$M$1000,1)/_xlfn.MINIFS('Yield Sources'!$D$2:$D$1000,'Yield Sources'!$A$2:$A$1000,$A47,'Yield Sources'!$M$2:$M$1000,1),1)) | O47: 1 | P47: 1 | Q47: Moderate (6-24 h) | R47: Limited | S47: =IFERROR(INDEX('Clinical Sources'!$M$2:$M$1000,MATCH($A47&"|Annual deaths",'Clinical Sources'!$N$2:$N$1000,0)),"") | T47: =IFERROR(INDEX('Clinical Sources'!$M$2:$M$1000,MATCH($A47&"|Case-fatality rate",'Clinical Sources'!$N$2:$N$1000,0)),"") | U47: Taxonomy: Formerly Lapemis hardwickii. Clinical: Myotoxicity/paralysis would progress over several hours if envenomation occurred. | V47: Y | AD47: Carried from v3.2 text; source needed | AE47: Coastal sea snake of the Indo-Western Pacific; met mostly by trawl fishers.
A48: Crotalus cerastes | B48: Sidewinder | C48: Horned rattlesnake | D48: Viperidae | E48: SW USA deserts | F48: =IF(COUNTIF(V48:AC48,"Y")=0,"",UPPER(MID(IF(V48="Y","/neurotoxic","")&IF(W48="Y","/hemotoxic","")&IF(X48="Y","/procoagulant","")&IF(Y48="Y","/anticoagulant","")&IF(Z48="Y","/hemorrhagic","")&IF(AA48="Y","/cytotoxic","")&IF(AB48="Y","/myotoxic","")&IF(AC48="Y","/cardiotoxic",""),2,1))&MID(IF(V48="Y","/neurotoxic","")&IF(W48="Y","/hemotoxic","")&IF(X48="Y","/procoagulant","")&IF(Y48="Y","/anticoagulant","")&IF(Z48="Y","/hemorrhagic","")&IF(AA48="Y","/cytotoxic","")&IF(AB48="Y","/myotoxic","")&IF(AC48="Y","/cardiotoxic",""),3,200)) -> Hemotoxic | G48: =IFERROR(INDEX('LD50 Sources'!$C$2:$C$1000,MATCH($A48,'LD50 Sources'!$L$2:$L$1000,0)),"") -> 2.6 | H48: =IFERROR(INDEX('LD50 Sources'!$D$2:$D$1000,MATCH($A48,'LD50 Sources'!$L$2:$L$1000,0))&"","") -> SC | I48: =IFERROR(INDEX('LD50 Sources'!$H$2:$H$1000,MATCH($A48,'LD50 Sources'!$L$2:$L$1000,0))&"","") -> C | J48: =IF(COUNTIFS('LD50 Sources'!$A$2:$A$1000,$A48,'LD50 Sources'!$K$2:$K$1000,1)<2,"",ROUND(_xlfn.MAXIFS('LD50 Sources'!$C$2:$C$1000,'LD50 Sources'!$A$2:$A$1000,$A48,'LD50 Sources'!$K$2:$K$1000,1)/_xlfn.MINIFS('LD50 Sources'!$C$2:$C$1000,'LD50 Sources'!$A$2:$A$1000,$A48,'LD50 Sources'!$K$2:$K$1000,1),1)) | K48: =IFERROR(INDEX('Yield Sources'!$C$2:$C$1000,MATCH($A48,'Yield Sources'!$N$2:$N$1000,0)),"") -> 18 | L48: =IFERROR(INDEX('Yield Sources'!$D$2:$D$1000,MATCH($A48,'Yield Sources'!$N$2:$N$1000,0)),"") -> 50 | M48: =IFERROR(INDEX('Yield Sources'!$J$2:$J$1000,MATCH($A48,'Yield Sources'!$N$2:$N$1000,0))&"","") -> C | N48: =IF(COUNTIFS('Yield Sources'!$A$2:$A$1000,$A48,'Yield Sources'!$M$2:$M$1000,1)<2,"",ROUND(_xlfn.MAXIFS('Yield Sources'!$D$2:$D$1000,'Yield Sources'!$A$2:$A$1000,$A48,'Yield Sources'!$M$2:$M$1000,1)/_xlfn.MINIFS('Yield Sources'!$D$2:$D$1000,'Yield Sources'!$A$2:$A$1000,$A48,'Yield Sources'!$M$2:$M$1000,1),1)) | O48: 2 | P48: 2 | Q48: Slow (24 h or more) | R48: Widely available | S48: =IFERROR(INDEX('Clinical Sources'!$M$2:$M$1000,MATCH($A48&"|Annual deaths",'Clinical Sources'!$N$2:$N$1000,0)),"") | T48: =IFERROR(INDEX('Clinical Sources'!$M$2:$M$1000,MATCH($A48&"|Case-fatality rate",'Clinical Sources'!$N$2:$N$1000,0)),"") | U48: Clinical: Local swelling develops gradually; fatalities are extremely rare. Antivenom: USA. | W48: Y | AD48: Carried from v3.2 text; source needed | AE48: Sandy desert of the SW USA, where few people are.
A49: Aipysurus duboisii | B49: Dubois' sea snake | C49: Reef shallows sea snake | D49: Elapidae | E49: Australian waters | F49: =IF(COUNTIF(V49:AC49,"Y")=0,"",UPPER(MID(IF(V49="Y","/neurotoxic","")&IF(W49="Y","/hemotoxic","")&IF(X49="Y","/procoagulant","")&IF(Y49="Y","/anticoagulant","")&IF(Z49="Y","/hemorrhagic","")&IF(AA49="Y","/cytotoxic","")&IF(AB49="Y","/myotoxic","")&IF(AC49="Y","/cardiotoxic",""),2,1))&MID(IF(V49="Y","/neurotoxic","")&IF(W49="Y","/hemotoxic","")&IF(X49="Y","/procoagulant","")&IF(Y49="Y","/anticoagulant","")&IF(Z49="Y","/hemorrhagic","")&IF(AA49="Y","/cytotoxic","")&IF(AB49="Y","/myotoxic","")&IF(AC49="Y","/cardiotoxic",""),3,200)) -> Neurotoxic | G49: =IFERROR(INDEX('LD50 Sources'!$C$2:$C$1000,MATCH($A49,'LD50 Sources'!$L$2:$L$1000,0)),"") -> 0.04 | H49: =IFERROR(INDEX('LD50 Sources'!$D$2:$D$1000,MATCH($A49,'LD50 Sources'!$L$2:$L$1000,0))&"","") -> SC | I49: =IFERROR(INDEX('LD50 Sources'!$H$2:$H$1000,MATCH($A49,'LD50 Sources'!$L$2:$L$1000,0))&"","") -> C | J49: =IF(COUNTIFS('LD50 Sources'!$A$2:$A$1000,$A49,'LD50 Sources'!$K$2:$K$1000,1)<2,"",ROUND(_xlfn.MAXIFS('LD50 Sources'!$C$2:$C$1000,'LD50 Sources'!$A$2:$A$1000,$A49,'LD50 Sources'!$K$2:$K$1000,1)/_xlfn.MINIFS('LD50 Sources'!$C$2:$C$1000,'LD50 Sources'!$A$2:$A$1000,$A49,'LD50 Sources'!$K$2:$K$1000,1),1)) | K49: =IFERROR(INDEX('Yield Sources'!$C$2:$C$1000,MATCH($A49,'Yield Sources'!$N$2:$N$1000,0)),"") -> 0.7 | L49: =IFERROR(INDEX('Yield Sources'!$D$2:$D$1000,MATCH($A49,'Yield Sources'!$N$2:$N$1000,0)),"") -> 0.7 | M49: =IFERROR(INDEX('Yield Sources'!$J$2:$J$1000,MATCH($A49,'Yield Sources'!$N$2:$N$1000,0))&"","") -> C | N49: =IF(COUNTIFS('Yield Sources'!$A$2:$A$1000,$A49,'Yield Sources'!$M$2:$M$1000,1)<2,"",ROUND(_xlfn.MAXIFS('Yield Sources'!$D$2:$D$1000,'Yield Sources'!$A$2:$A$1000,$A49,'Yield Sources'!$M$2:$M$1000,1)/_xlfn.MINIFS('Yield Sources'!$D$2:$D$1000,'Yield Sources'!$A$2:$A$1000,$A49,'Yield Sources'!$M$2:$M$1000,1),1)) | O49: 1 | P49: 2 | Q49: Moderate (6-24 h) | R49: Limited | S49: =IFERROR(INDEX('Clinical Sources'!$M$2:$M$1000,MATCH($A49&"|Annual deaths",'Clinical Sources'!$N$2:$N$1000,0)),"") | T49: =IFERROR(INDEX('Clinical Sources'!$M$2:$M$1000,MATCH($A49&"|Case-fatality rate",'Clinical Sources'!$N$2:$N$1000,0)),"") | U49: Clinical: Would progress over hours if envenomation occurred; tiny yield makes this largely theoretical. | V49: Y | AD49: Carried from v3.2 text; source needed | AE49: Reef sea snake in Australian waters; met mostly by divers.
A50: Causus rhombeatus | B50: Common night adder | C50: Rhombic night adder | D50: Viperidae | E50: Sub-Saharan Africa | F50: =IF(COUNTIF(V50:AC50,"Y")=0,"",UPPER(MID(IF(V50="Y","/neurotoxic","")&IF(W50="Y","/hemotoxic","")&IF(X50="Y","/procoagulant","")&IF(Y50="Y","/anticoagulant","")&IF(Z50="Y","/hemorrhagic","")&IF(AA50="Y","/cytotoxic","")&IF(AB50="Y","/myotoxic","")&IF(AC50="Y","/cardiotoxic",""),2,1))&MID(IF(V50="Y","/neurotoxic","")&IF(W50="Y","/hemotoxic","")&IF(X50="Y","/procoagulant","")&IF(Y50="Y","/anticoagulant","")&IF(Z50="Y","/hemorrhagic","")&IF(AA50="Y","/cytotoxic","")&IF(AB50="Y","/myotoxic","")&IF(AC50="Y","/cardiotoxic",""),3,200)) -> Cytotoxic | G50: =IFERROR(INDEX('LD50 Sources'!$C$2:$C$1000,MATCH($A50,'LD50 Sources'!$L$2:$L$1000,0)),"") -> 1.85 | H50: =IFERROR(INDEX('LD50 Sources'!$D$2:$D$1000,MATCH($A50,'LD50 Sources'!$L$2:$L$1000,0))&"","") -> SC | I50: =IFERROR(INDEX('LD50 Sources'!$H$2:$H$1000,MATCH($A50,'LD50 Sources'!$L$2:$L$1000,0))&"","") -> C | J50: =IF(COUNTIFS('LD50 Sources'!$A$2:$A$1000,$A50,'LD50 Sources'!$K$2:$K$1000,1)<2,"",ROUND(_xlfn.MAXIFS('LD50 Sources'!$C$2:$C$1000,'LD50 Sources'!$A$2:$A$1000,$A50,'LD50 Sources'!$K$2:$K$1000,1)/_xlfn.MINIFS('LD50 Sources'!$C$2:$C$1000,'LD50 Sources'!$A$2:$A$1000,$A50,'LD50 Sources'!$K$2:$K$1000,1),1)) | K50: =IFERROR(INDEX('Yield Sources'!$C$2:$C$1000,MATCH($A50,'Yield Sources'!$N$2:$N$1000,0)),"") -> 20 | L50: =IFERROR(INDEX('Yield Sources'!$D$2:$D$1000,MATCH($A50,'Yield Sources'!$N$2:$N$1000,0)),"") -> 30 | M50: =IFERROR(INDEX('Yield Sources'!$J$2:$J$1000,MATCH($A50,'Yield Sources'!$N$2:$N$1000,0))&"","") -> C | N50: =IF(COUNTIFS('Yield Sources'!$A$2:$A$1000,$A50,'Yield Sources'!$M$2:$M$1000,1)<2,"",ROUND(_xlfn.MAXIFS('Yield Sources'!$D$2:$D$1000,'Yield Sources'!$A$2:$A$1000,$A50,'Yield Sources'!$M$2:$M$1000,1)/_xlfn.MINIFS('Yield Sources'!$D$2:$D$1000,'Yield Sources'!$A$2:$A$1000,$A50,'Yield Sources'!$M$2:$M$1000,1),1)) | O50: 5 | P50: 2 | Q50: Slow (24 h or more) | R50: Regional | S50: =IFERROR(INDEX('Clinical Sources'!$M$2:$M$1000,MATCH($A50&"|Annual deaths",'Clinical Sources'!$N$2:$N$1000,0)),"") | T50: =IFERROR(INDEX('Clinical Sources'!$M$2:$M$1000,MATCH($A50&"|Case-fatality rate",'Clinical Sources'!$N$2:$N$1000,0)),"") | U50: Clinical: Mild local swelling; systemic effects and fatalities are rare. Venom: Mild cytotoxic effects. | AA50: Y | AD50: Carried from v3.2 text; source needed | AE50: Common near homes and damp places in Africa.
A51: Bothriechis schlegelii | B51: Eyelash palm pit viper | C51: Eyelash viper | D51: Viperidae | E51: Central & South America | F51: =IF(COUNTIF(V51:AC51,"Y")=0,"",UPPER(MID(IF(V51="Y","/neurotoxic","")&IF(W51="Y","/hemotoxic","")&IF(X51="Y","/procoagulant","")&IF(Y51="Y","/anticoagulant","")&IF(Z51="Y","/hemorrhagic","")&IF(AA51="Y","/cytotoxic","")&IF(AB51="Y","/myotoxic","")&IF(AC51="Y","/cardiotoxic",""),2,1))&MID(IF(V51="Y","/neurotoxic","")&IF(W51="Y","/hemotoxic","")&IF(X51="Y","/procoagulant","")&IF(Y51="Y","/anticoagulant","")&IF(Z51="Y","/hemorrhagic","")&IF(AA51="Y","/cytotoxic","")&IF(AB51="Y","/myotoxic","")&IF(AC51="Y","/cardiotoxic",""),3,200)) -> Hemotoxic | G51: =IFERROR(INDEX('LD50 Sources'!$C$2:$C$1000,MATCH($A51,'LD50 Sources'!$L$2:$L$1000,0)),"") -> 1.6 | H51: =IFERROR(INDEX('LD50 Sources'!$D$2:$D$1000,MATCH($A51,'LD50 Sources'!$L$2:$L$1000,0))&"","") -> SC | I51: =IFERROR(INDEX('LD50 Sources'!$H$2:$H$1000,MATCH($A51,'LD50 Sources'!$L$2:$L$1000,0))&"","") -> C | J51: =IF(COUNTIFS('LD50 Sources'!$A$2:$A$1000,$A51,'LD50 Sources'!$K$2:$K$1000,1)<2,"",ROUND(_xlfn.MAXIFS('LD50 Sources'!$C$2:$C$1000,'LD50 Sources'!$A$2:$A$1000,$A51,'LD50 Sources'!$K$2:$K$1000,1)/_xlfn.MINIFS('LD50 Sources'!$C$2:$C$1000,'LD50 Sources'!$A$2:$A$1000,$A51,'LD50 Sources'!$K$2:$K$1000,1),1)) | K51: =IFERROR(INDEX('Yield Sources'!$C$2:$C$1000,MATCH($A51,'Yield Sources'!$N$2:$N$1000,0)),"") -> 10 | L51: =IFERROR(INDEX('Yield Sources'!$D$2:$D$1000,MATCH($A51,'Yield Sources'!$N$2:$N$1000,0)),"") -> 20 | M51: =IFERROR(INDEX('Yield Sources'!$J$2:$J$1000,MATCH($A51,'Yield Sources'!$N$2:$N$1000,0))&"","") -> C | N51: =IF(COUNTIFS('Yield Sources'!$A$2:$A$1000,$A51,'Yield Sources'!$M$2:$M$1000,1)<2,"",ROUND(_xlfn.MAXIFS('Yield Sources'!$D$2:$D$1000,'Yield Sources'!$A$2:$A$1000,$A51,'Yield Sources'!$M$2:$M$1000,1)/_xlfn.MINIFS('Yield Sources'!$D$2:$D$1000,'Yield Sources'!$A$2:$A$1000,$A51,'Yield Sources'!$M$2:$M$1000,1),1)) | O51: 3 | P51: 3 | Q51: Slow (24 h or more) | R51: Regional | S51: =IFERROR(INDEX('Clinical Sources'!$M$2:$M$1000,MATCH($A51&"|Annual deaths",'Clinical Sources'!$N$2:$N$1000,0)),"") | T51: =IFERROR(INDEX('Clinical Sources'!$M$2:$M$1000,MATCH($A51&"|Case-fatality rate",'Clinical Sources'!$N$2:$N$1000,0)),"") | U51: Clinical: Local tissue damage develops gradually; fatalities are uncommon. | W51: Y | AD51: Carried from v3.2 text; source needed | AE51: Rainforest trees of Central and South America; met by forest and plantation workers.
A52: Bungarus candidus | B52: Malayan krait | C52: Blue krait | D52: Elapidae | E52: Southeast Asia (Indochina to Java/Bali) | F52: =IF(COUNTIF(V52:AC52,"Y")=0,"",UPPER(MID(IF(V52="Y","/neurotoxic","")&IF(W52="Y","/hemotoxic","")&IF(X52="Y","/procoagulant","")&IF(Y52="Y","/anticoagulant","")&IF(Z52="Y","/hemorrhagic","")&IF(AA52="Y","/cytotoxic","")&IF(AB52="Y","/myotoxic","")&IF(AC52="Y","/cardiotoxic",""),2,1))&MID(IF(V52="Y","/neurotoxic","")&IF(W52="Y","/hemotoxic","")&IF(X52="Y","/procoagulant","")&IF(Y52="Y","/anticoagulant","")&IF(Z52="Y","/hemorrhagic","")&IF(AA52="Y","/cytotoxic","")&IF(AB52="Y","/myotoxic","")&IF(AC52="Y","/cardiotoxic",""),3,200)) -> Neurotoxic | G52: =IFERROR(INDEX('LD50 Sources'!$C$2:$C$1000,MATCH($A52,'LD50 Sources'!$L$2:$L$1000,0)),"") -> 0.1 | H52: =IFERROR(INDEX('LD50 Sources'!$D$2:$D$1000,MATCH($A52,'LD50 Sources'!$L$2:$L$1000,0))&"","") -> IV | I52: =IFERROR(INDEX('LD50 Sources'!$H$2:$H$1000,MATCH($A52,'LD50 Sources'!$L$2:$L$1000,0))&"","") -> C | J52: =IF(COUNTIFS('LD50 Sources'!$A$2:$A$1000,$A52,'LD50 Sources'!$K$2:$K$1000,1)<2,"",ROUND(_xlfn.MAXIFS('LD50 Sources'!$C$2:$C$1000,'LD50 Sources'!$A$2:$A$1000,$A52,'LD50 Sources'!$K$2:$K$1000,1)/_xlfn.MINIFS('LD50 Sources'!$C$2:$C$1000,'LD50 Sources'!$A$2:$A$1000,$A52,'LD50 Sources'!$K$2:$K$1000,1),1)) | K52: =IFERROR(INDEX('Yield Sources'!$C$2:$C$1000,MATCH($A52,'Yield Sources'!$N$2:$N$1000,0)),"") -> 5 | L52: =IFERROR(INDEX('Yield Sources'!$D$2:$D$1000,MATCH($A52,'Yield Sources'!$N$2:$N$1000,0)),"") -> 5 | M52: =IFERROR(INDEX('Yield Sources'!$J$2:$J$1000,MATCH($A52,'Yield Sources'!$N$2:$N$1000,0))&"","") -> C | N52: =IF(COUNTIFS('Yield Sources'!$A$2:$A$1000,$A52,'Yield Sources'!$M$2:$M$1000,1)<2,"",ROUND(_xlfn.MAXIFS('Yield Sources'!$D$2:$D$1000,'Yield Sources'!$A$2:$A$1000,$A52,'Yield Sources'!$M$2:$M$1000,1)/_xlfn.MINIFS('Yield Sources'!$D$2:$D$1000,'Yield Sources'!$A$2:$A$1000,$A52,'Yield Sources'!$M$2:$M$1000,1),1)) | O52: 7 | P52: 3 | Q52: Fast (hours) | R52: Regional | S52: =IFERROR(INDEX('Clinical Sources'!$M$2:$M$1000,MATCH($A52&"|Annual deaths",'Clinical Sources'!$N$2:$N$1000,0)),"") | T52: =IFERROR(INDEX('Clinical Sources'!$M$2:$M$1000,MATCH($A52&"|Case-fatality rate",'Clinical Sources'!$N$2:$N$1000,0)),"") -> 7.4% (Thailand, poison centre cases) [treatment unclear] | U52: Clinical: Progressive neuromuscular paralysis leading to respiratory failure; unusually high fatality rate persists even after antivenom treatment, worse than most other entries in this table. Onset: Fast once symptomatic. | V52: Y | AD52: Carried from v3.2 text; source needed | AE52: Near villages and farmland in Southeast Asia; active at night.
A53: Naja melanoleuca | B53: Forest cobra | C53: Black-lipped cobra | D53: Elapidae | E53: Sub-Saharan Africa (forest regions) | F53: =IF(COUNTIF(V53:AC53,"Y")=0,"",UPPER(MID(IF(V53="Y","/neurotoxic","")&IF(W53="Y","/hemotoxic","")&IF(X53="Y","/procoagulant","")&IF(Y53="Y","/anticoagulant","")&IF(Z53="Y","/hemorrhagic","")&IF(AA53="Y","/cytotoxic","")&IF(AB53="Y","/myotoxic","")&IF(AC53="Y","/cardiotoxic",""),2,1))&MID(IF(V53="Y","/neurotoxic","")&IF(W53="Y","/hemotoxic","")&IF(X53="Y","/procoagulant","")&IF(Y53="Y","/anticoagulant","")&IF(Z53="Y","/hemorrhagic","")&IF(AA53="Y","/cytotoxic","")&IF(AB53="Y","/myotoxic","")&IF(AC53="Y","/cardiotoxic",""),3,200)) -> Neurotoxic/cytotoxic | G53: =IFERROR(INDEX('LD50 Sources'!$C$2:$C$1000,MATCH($A53,'LD50 Sources'!$L$2:$L$1000,0)),"") -> 0.12 | H53: =IFERROR(INDEX('LD50 Sources'!$D$2:$D$1000,MATCH($A53,'LD50 Sources'!$L$2:$L$1000,0))&"","") -> SC | I53: =IFERROR(INDEX('LD50 Sources'!$H$2:$H$1000,MATCH($A53,'LD50 Sources'!$L$2:$L$1000,0))&"","") -> C | J53: =IF(COUNTIFS('LD50 Sources'!$A$2:$A$1000,$A53,'LD50 Sources'!$K$2:$K$1000,1)<2,"",ROUND(_xlfn.MAXIFS('LD50 Sources'!$C$2:$C$1000,'LD50 Sources'!$A$2:$A$1000,$A53,'LD50 Sources'!$K$2:$K$1000,1)/_xlfn.MINIFS('LD50 Sources'!$C$2:$C$1000,'LD50 Sources'!$A$2:$A$1000,$A53,'LD50 Sources'!$K$2:$K$1000,1),1)) -> 1.9 | K53: =IFERROR(INDEX('Yield Sources'!$C$2:$C$1000,MATCH($A53,'Yield Sources'!$N$2:$N$1000,0)),"") -> 571 | L53: =IFERROR(INDEX('Yield Sources'!$D$2:$D$1000,MATCH($A53,'Yield Sources'!$N$2:$N$1000,0)),"") -> 1102 | M53: =IFERROR(INDEX('Yield Sources'!$J$2:$J$1000,MATCH($A53,'Yield Sources'!$N$2:$N$1000,0))&"","") -> B | N53: =IF(COUNTIFS('Yield Sources'!$A$2:$A$1000,$A53,'Yield Sources'!$M$2:$M$1000,1)<2,"",ROUND(_xlfn.MAXIFS('Yield Sources'!$D$2:$D$1000,'Yield Sources'!$A$2:$A$1000,$A53,'Yield Sources'!$M$2:$M$1000,1)/_xlfn.MINIFS('Yield Sources'!$D$2:$D$1000,'Yield Sources'!$A$2:$A$1000,$A53,'Yield Sources'!$M$2:$M$1000,1),1)) -> 2.2 | O53: 3 | P53: 3 | Q53: Fast (hours) | R53: Regional | S53: =IFERROR(INDEX('Clinical Sources'!$M$2:$M$1000,MATCH($A53&"|Annual deaths",'Clinical Sources'!$N$2:$N$1000,0)),"") | T53: =IFERROR(INDEX('Clinical Sources'!$M$2:$M$1000,MATCH($A53&"|Case-fatality rate",'Clinical Sources'!$N$2:$N$1000,0)),"") | U53: Taxonomy: Species complex split in 2018 (N. subfulva, N. savannula, N. peroescobari, N. guineensis). Confirm which taxon the yield animals were. Clinical: Neurotoxic paralysis can progress within hours untreated. Antivenom: SAIMR polyvalent. | V53: Y | AA53: Y | AD53: Carried from v3.2 text; source needed | AE53: Forests and forest edges of Africa; met occasionally.
A54: Dendroaspis angusticeps | B54: Eastern green mamba | C54: Common green mamba | D54: Elapidae | E54: East African coastal forests | F54: =IF(COUNTIF(V54:AC54,"Y")=0,"",UPPER(MID(IF(V54="Y","/neurotoxic","")&IF(W54="Y","/hemotoxic","")&IF(X54="Y","/procoagulant","")&IF(Y54="Y","/anticoagulant","")&IF(Z54="Y","/hemorrhagic","")&IF(AA54="Y","/cytotoxic","")&IF(AB54="Y","/myotoxic","")&IF(AC54="Y","/cardiotoxic",""),2,1))&MID(IF(V54="Y","/neurotoxic","")&IF(W54="Y","/hemotoxic","")&IF(X54="Y","/procoagulant","")&IF(Y54="Y","/anticoagulant","")&IF(Z54="Y","/hemorrhagic","")&IF(AA54="Y","/cytotoxic","")&IF(AB54="Y","/myotoxic","")&IF(AC54="Y","/cardiotoxic",""),3,200)) -> Neurotoxic/cardiotoxic | G54: =IFERROR(INDEX('LD50 Sources'!$C$2:$C$1000,MATCH($A54,'LD50 Sources'!$L$2:$L$1000,0)),"") -> 0.26 | H54: =IFERROR(INDEX('LD50 Sources'!$D$2:$D$1000,MATCH($A54,'LD50 Sources'!$L$2:$L$1000,0))&"","") -> SC | I54: =IFERROR(INDEX('LD50 Sources'!$H$2:$H$1000,MATCH($A54,'LD50 Sources'!$L$2:$L$1000,0))&"","") -> C | J54: =IF(COUNTIFS('LD50 Sources'!$A$2:$A$1000,$A54,'LD50 Sources'!$K$2:$K$1000,1)<2,"",ROUND(_xlfn.MAXIFS('LD50 Sources'!$C$2:$C$1000,'LD50 Sources'!$A$2:$A$1000,$A54,'LD50 Sources'!$K$2:$K$1000,1)/_xlfn.MINIFS('LD50 Sources'!$C$2:$C$1000,'LD50 Sources'!$A$2:$A$1000,$A54,'LD50 Sources'!$K$2:$K$1000,1),1)) | K54: =IFERROR(INDEX('Yield Sources'!$C$2:$C$1000,MATCH($A54,'Yield Sources'!$N$2:$N$1000,0)),"") -> 60 | L54: =IFERROR(INDEX('Yield Sources'!$D$2:$D$1000,MATCH($A54,'Yield Sources'!$N$2:$N$1000,0)),"") -> 95 | M54: =IFERROR(INDEX('Yield Sources'!$J$2:$J$1000,MATCH($A54,'Yield Sources'!$N$2:$N$1000,0))&"","") -> C | N54: =IF(COUNTIFS('Yield Sources'!$A$2:$A$1000,$A54,'Yield Sources'!$M$2:$M$1000,1)<2,"",ROUND(_xlfn.MAXIFS('Yield Sources'!$D$2:$D$1000,'Yield Sources'!$A$2:$A$1000,$A54,'Yield Sources'!$M$2:$M$1000,1)/_xlfn.MINIFS('Yield Sources'!$D$2:$D$1000,'Yield Sources'!$A$2:$A$1000,$A54,'Yield Sources'!$M$2:$M$1000,1),1)) | O54: 4 | P54: 3 | Q54: Fast (hours) | R54: Regional | S54: =IFERROR(INDEX('Clinical Sources'!$M$2:$M$1000,MATCH($A54&"|Annual deaths",'Clinical Sources'!$N$2:$N$1000,0)),"") | T54: =IFERROR(INDEX('Clinical Sources'!$M$2:$M$1000,MATCH($A54&"|Case-fatality rate",'Clinical Sources'!$N$2:$N$1000,0)),"") | U54: Clinical: Paralysis and cardiotoxic effects can progress over hours untreated. Antivenom: SAIMR polyvalent. | V54: Y | AC54: Y | AD54: Carried from v3.2 text; source needed | AE54: Coastal forest trees of East Africa; rarely met.
A55: Hemachatus haemachatus | B55: Rinkhals | C55: Ring-necked spitting cobra | D55: Elapidae | E55: Southern Africa | F55: =IF(COUNTIF(V55:AC55,"Y")=0,"",UPPER(MID(IF(V55="Y","/neurotoxic","")&IF(W55="Y","/hemotoxic","")&IF(X55="Y","/procoagulant","")&IF(Y55="Y","/anticoagulant","")&IF(Z55="Y","/hemorrhagic","")&IF(AA55="Y","/cytotoxic","")&IF(AB55="Y","/myotoxic","")&IF(AC55="Y","/cardiotoxic",""),2,1))&MID(IF(V55="Y","/neurotoxic","")&IF(W55="Y","/hemotoxic","")&IF(X55="Y","/procoagulant","")&IF(Y55="Y","/anticoagulant","")&IF(Z55="Y","/hemorrhagic","")&IF(AA55="Y","/cytotoxic","")&IF(AB55="Y","/myotoxic","")&IF(AC55="Y","/cardiotoxic",""),3,200)) -> Neurotoxic/cytotoxic | G55: =IFERROR(INDEX('LD50 Sources'!$C$2:$C$1000,MATCH($A55,'LD50 Sources'!$L$2:$L$1000,0)),"") -> 0.22 | H55: =IFERROR(INDEX('LD50 Sources'!$D$2:$D$1000,MATCH($A55,'LD50 Sources'!$L$2:$L$1000,0))&"","") -> SC | I55: =IFERROR(INDEX('LD50 Sources'!$H$2:$H$1000,MATCH($A55,'LD50 Sources'!$L$2:$L$1000,0))&"","") -> C | J55: =IF(COUNTIFS('LD50 Sources'!$A$2:$A$1000,$A55,'LD50 Sources'!$K$2:$K$1000,1)<2,"",ROUND(_xlfn.MAXIFS('LD50 Sources'!$C$2:$C$1000,'LD50 Sources'!$A$2:$A$1000,$A55,'LD50 Sources'!$K$2:$K$1000,1)/_xlfn.MINIFS('LD50 Sources'!$C$2:$C$1000,'LD50 Sources'!$A$2:$A$1000,$A55,'LD50 Sources'!$K$2:$K$1000,1),1)) | K55: =IFERROR(INDEX('Yield Sources'!$C$2:$C$1000,MATCH($A55,'Yield Sources'!$N$2:$N$1000,0)),"") -> 80 | L55: =IFERROR(INDEX('Yield Sources'!$D$2:$D$1000,MATCH($A55,'Yield Sources'!$N$2:$N$1000,0)),"") -> 120 | M55: =IFERROR(INDEX('Yield Sources'!$J$2:$J$1000,MATCH($A55,'Yield Sources'!$N$2:$N$1000,0))&"","") -> C | N55: =IF(COUNTIFS('Yield Sources'!$A$2:$A$1000,$A55,'Yield Sources'!$M$2:$M$1000,1)<2,"",ROUND(_xlfn.MAXIFS('Yield Sources'!$D$2:$D$1000,'Yield Sources'!$A$2:$A$1000,$A55,'Yield Sources'!$M$2:$M$1000,1)/_xlfn.MINIFS('Yield Sources'!$D$2:$D$1000,'Yield Sources'!$A$2:$A$1000,$A55,'Yield Sources'!$M$2:$M$1000,1),1)) | O55: 6 | P55: 3 | Q55: Fast (hours) | R55: Regional | S55: =IFERROR(INDEX('Clinical Sources'!$M$2:$M$1000,MATCH($A55&"|Annual deaths",'Clinical Sources'!$N$2:$N$1000,0)),"") | T55: =IFERROR(INDEX('Clinical Sources'!$M$2:$M$1000,MATCH($A55&"|Case-fatality rate",'Clinical Sources'!$N$2:$N$1000,0)),"") | U55: Clinical: Neurotoxic paralysis and local tissue damage progress over hours. Antivenom: SAIMR polyvalent. | V55: Y | AA55: Y | AD55: Carried from v3.2 text; source needed | AE55: Grassland of southern Africa, including near farms and towns.
A56: Naja nigricollis | B56: Black-necked spitting cobra | D56: Elapidae | E56: Sub-Saharan Africa | F56: =IF(COUNTIF(V56:AC56,"Y")=0,"",UPPER(MID(IF(V56="Y","/neurotoxic","")&IF(W56="Y","/hemotoxic","")&IF(X56="Y","/procoagulant","")&IF(Y56="Y","/anticoagulant","")&IF(Z56="Y","/hemorrhagic","")&IF(AA56="Y","/cytotoxic","")&IF(AB56="Y","/myotoxic","")&IF(AC56="Y","/cardiotoxic",""),2,1))&MID(IF(V56="Y","/neurotoxic","")&IF(W56="Y","/hemotoxic","")&IF(X56="Y","/procoagulant","")&IF(Y56="Y","/anticoagulant","")&IF(Z56="Y","/hemorrhagic","")&IF(AA56="Y","/cytotoxic","")&IF(AB56="Y","/myotoxic","")&IF(AC56="Y","/cardiotoxic",""),3,200)) -> Neurotoxic/cytotoxic | G56: =IFERROR(INDEX('LD50 Sources'!$C$2:$C$1000,MATCH($A56,'LD50 Sources'!$L$2:$L$1000,0)),"") -> 0.23 | H56: =IFERROR(INDEX('LD50 Sources'!$D$2:$D$1000,MATCH($A56,'LD50 Sources'!$L$2:$L$1000,0))&"","") -> SC | I56: =IFERROR(INDEX('LD50 Sources'!$H$2:$H$1000,MATCH($A56,'LD50 Sources'!$L$2:$L$1000,0))&"","") -> C | J56: =IF(COUNTIFS('LD50 Sources'!$A$2:$A$1000,$A56,'LD50 Sources'!$K$2:$K$1000,1)<2,"",ROUND(_xlfn.MAXIFS('LD50 Sources'!$C$2:$C$1000,'LD50 Sources'!$A$2:$A$1000,$A56,'LD50 Sources'!$K$2:$K$1000,1)/_xlfn.MINIFS('LD50 Sources'!$C$2:$C$1000,'LD50 Sources'!$A$2:$A$1000,$A56,'LD50 Sources'!$K$2:$K$1000,1),1)) | K56: =IFERROR(INDEX('Yield Sources'!$C$2:$C$1000,MATCH($A56,'Yield Sources'!$N$2:$N$1000,0)),"") -> 150 | L56: =IFERROR(INDEX('Yield Sources'!$D$2:$D$1000,MATCH($A56,'Yield Sources'!$N$2:$N$1000,0)),"") -> 350 | M56: =IFERROR(INDEX('Yield Sources'!$J$2:$J$1000,MATCH($A56,'Yield Sources'!$N$2:$N$1000,0))&"","") -> C | N56: =IF(COUNTIFS('Yield Sources'!$A$2:$A$1000,$A56,'Yield Sources'!$M$2:$M$1000,1)<2,"",ROUND(_xlfn.MAXIFS('Yield Sources'!$D$2:$D$1000,'Yield Sources'!$A$2:$A$1000,$A56,'Yield Sources'!$M$2:$M$1000,1)/_xlfn.MINIFS('Yield Sources'!$D$2:$D$1000,'Yield Sources'!$A$2:$A$1000,$A56,'Yield Sources'!$M$2:$M$1000,1),1)) | O56: 7 | P56: 3 | Q56: Fast (hours) | R56: Regional | S56: =IFERROR(INDEX('Clinical Sources'!$M$2:$M$1000,MATCH($A56&"|Annual deaths",'Clinical Sources'!$N$2:$N$1000,0)),"") | T56: =IFERROR(INDEX('Clinical Sources'!$M$2:$M$1000,MATCH($A56&"|Case-fatality rate",'Clinical Sources'!$N$2:$N$1000,0)),"") | U56: Clinical: Neurotoxic paralysis progresses over hours; severe local tissue necrosis is also common and can be more clinically significant than systemic effects. Antivenom: SAIMR polyvalent. | V56: Y | AA56: Y | AD56: Carried from v3.2 text; source needed | AE56: Common in savanna and near settlements across Africa.
A57: Austrelaps superbus | B57: Lowlands copperhead | C57: Australian copperhead | D57: Elapidae | E57: SE Australia, Tasmania | F57: =IF(COUNTIF(V57:AC57,"Y")=0,"",UPPER(MID(IF(V57="Y","/neurotoxic","")&IF(W57="Y","/hemotoxic","")&IF(X57="Y","/procoagulant","")&IF(Y57="Y","/anticoagulant","")&IF(Z57="Y","/hemorrhagic","")&IF(AA57="Y","/cytotoxic","")&IF(AB57="Y","/myotoxic","")&IF(AC57="Y","/cardiotoxic",""),2,1))&MID(IF(V57="Y","/neurotoxic","")&IF(W57="Y","/hemotoxic","")&IF(X57="Y","/procoagulant","")&IF(Y57="Y","/anticoagulant","")&IF(Z57="Y","/hemorrhagic","")&IF(AA57="Y","/cytotoxic","")&IF(AB57="Y","/myotoxic","")&IF(AC57="Y","/cardiotoxic",""),3,200)) -> Neurotoxic/hemotoxic/anticoagulant | G57: =IFERROR(INDEX('LD50 Sources'!$C$2:$C$1000,MATCH($A57,'LD50 Sources'!$L$2:$L$1000,0)),"") -> 0.56 | H57: =IFERROR(INDEX('LD50 Sources'!$D$2:$D$1000,MATCH($A57,'LD50 Sources'!$L$2:$L$1000,0))&"","") -> SC | I57: =IFERROR(INDEX('LD50 Sources'!$H$2:$H$1000,MATCH($A57,'LD50 Sources'!$L$2:$L$1000,0))&"","") -> A | J57: =IF(COUNTIFS('LD50 Sources'!$A$2:$A$1000,$A57,'LD50 Sources'!$K$2:$K$1000,1)<2,"",ROUND(_xlfn.MAXIFS('LD50 Sources'!$C$2:$C$1000,'LD50 Sources'!$A$2:$A$1000,$A57,'LD50 Sources'!$K$2:$K$1000,1)/_xlfn.MINIFS('LD50 Sources'!$C$2:$C$1000,'LD50 Sources'!$A$2:$A$1000,$A57,'LD50 Sources'!$K$2:$K$1000,1),1)) | K57: =IFERROR(INDEX('Yield Sources'!$C$2:$C$1000,MATCH($A57,'Yield Sources'!$N$2:$N$1000,0)),"") -> 26 | L57: =IFERROR(INDEX('Yield Sources'!$D$2:$D$1000,MATCH($A57,'Yield Sources'!$N$2:$N$1000,0)),"") -> 85 | M57: =IFERROR(INDEX('Yield Sources'!$J$2:$J$1000,MATCH($A57,'Yield Sources'!$N$2:$N$1000,0))&"","") -> C | N57: =IF(COUNTIFS('Yield Sources'!$A$2:$A$1000,$A57,'Yield Sources'!$M$2:$M$1000,1)<2,"",ROUND(_xlfn.MAXIFS('Yield Sources'!$D$2:$D$1000,'Yield Sources'!$A$2:$A$1000,$A57,'Yield Sources'!$M$2:$M$1000,1)/_xlfn.MINIFS('Yield Sources'!$D$2:$D$1000,'Yield Sources'!$A$2:$A$1000,$A57,'Yield Sources'!$M$2:$M$1000,1),1)) | O57: 3 | P57: 2 | Q57: Moderate (6-24 h) | R57: Widely available | S57: =IFERROR(INDEX('Clinical Sources'!$M$2:$M$1000,MATCH($A57&"|Annual deaths",'Clinical Sources'!$N$2:$N$1000,0)),"") | T57: =IFERROR(INDEX('Clinical Sources'!$M$2:$M$1000,MATCH($A57&"|Case-fatality rate",'Clinical Sources'!$N$2:$N$1000,0)),"") | U57: Clinical: Paralysis and coagulopathy can develop over hours. Antivenom: Australia. | V57: Y | W57: Y | Y57: Y | AD57: Carried from v3.2 text; source needed | AE57: Swamps and grassland of cool SE Australia; met occasionally.
A58: Sistrurus miliarius | B58: Pygmy rattlesnake | C58: Ground rattler | D58: Viperidae | E58: SE USA | F58: =IF(COUNTIF(V58:AC58,"Y")=0,"",UPPER(MID(IF(V58="Y","/neurotoxic","")&IF(W58="Y","/hemotoxic","")&IF(X58="Y","/procoagulant","")&IF(Y58="Y","/anticoagulant","")&IF(Z58="Y","/hemorrhagic","")&IF(AA58="Y","/cytotoxic","")&IF(AB58="Y","/myotoxic","")&IF(AC58="Y","/cardiotoxic",""),2,1))&MID(IF(V58="Y","/neurotoxic","")&IF(W58="Y","/hemotoxic","")&IF(X58="Y","/procoagulant","")&IF(Y58="Y","/anticoagulant","")&IF(Z58="Y","/hemorrhagic","")&IF(AA58="Y","/cytotoxic","")&IF(AB58="Y","/myotoxic","")&IF(AC58="Y","/cardiotoxic",""),3,200)) -> Hemotoxic | G58: =IFERROR(INDEX('LD50 Sources'!$C$2:$C$1000,MATCH($A58,'LD50 Sources'!$L$2:$L$1000,0)),"") -> 2.8 | H58: =IFERROR(INDEX('LD50 Sources'!$D$2:$D$1000,MATCH($A58,'LD50 Sources'!$L$2:$L$1000,0))&"","") -> SC | I58: =IFERROR(INDEX('LD50 Sources'!$H$2:$H$1000,MATCH($A58,'LD50 Sources'!$L$2:$L$1000,0))&"","") -> C | J58: =IF(COUNTIFS('LD50 Sources'!$A$2:$A$1000,$A58,'LD50 Sources'!$K$2:$K$1000,1)<2,"",ROUND(_xlfn.MAXIFS('LD50 Sources'!$C$2:$C$1000,'LD50 Sources'!$A$2:$A$1000,$A58,'LD50 Sources'!$K$2:$K$1000,1)/_xlfn.MINIFS('LD50 Sources'!$C$2:$C$1000,'LD50 Sources'!$A$2:$A$1000,$A58,'LD50 Sources'!$K$2:$K$1000,1),1)) | K58: =IFERROR(INDEX('Yield Sources'!$C$2:$C$1000,MATCH($A58,'Yield Sources'!$N$2:$N$1000,0)),"") -> 12 | L58: =IFERROR(INDEX('Yield Sources'!$D$2:$D$1000,MATCH($A58,'Yield Sources'!$N$2:$N$1000,0)),"") -> 35 | M58: =IFERROR(INDEX('Yield Sources'!$J$2:$J$1000,MATCH($A58,'Yield Sources'!$N$2:$N$1000,0))&"","") -> C | N58: =IF(COUNTIFS('Yield Sources'!$A$2:$A$1000,$A58,'Yield Sources'!$M$2:$M$1000,1)<2,"",ROUND(_xlfn.MAXIFS('Yield Sources'!$D$2:$D$1000,'Yield Sources'!$A$2:$A$1000,$A58,'Yield Sources'!$M$2:$M$1000,1)/_xlfn.MINIFS('Yield Sources'!$D$2:$D$1000,'Yield Sources'!$A$2:$A$1000,$A58,'Yield Sources'!$M$2:$M$1000,1),1)) | O58: 3 | P58: 2 | Q58: Slow (24 h or more) | R58: Widely available | S58: =IFERROR(INDEX('Clinical Sources'!$M$2:$M$1000,MATCH($A58&"|Annual deaths",'Clinical Sources'!$N$2:$N$1000,0)),"") | T58: =IFERROR(INDEX('Clinical Sources'!$M$2:$M$1000,MATCH($A58&"|Case-fatality rate",'Clinical Sources'!$N$2:$N$1000,0)),"") | U58: Clinical: Local tissue damage develops gradually; fatalities extremely rare. Antivenom: USA. | W58: Y | AD58: Carried from v3.2 text; source needed | AE58: Small and secretive; met occasionally in the SE USA.
A59: Agkistrodon contortrix | B59: Copperhead | C59: Eastern copperhead | D59: Viperidae | E59: Eastern & Central USA | F59: =IF(COUNTIF(V59:AC59,"Y")=0,"",UPPER(MID(IF(V59="Y","/neurotoxic","")&IF(W59="Y","/hemotoxic","")&IF(X59="Y","/procoagulant","")&IF(Y59="Y","/anticoagulant","")&IF(Z59="Y","/hemorrhagic","")&IF(AA59="Y","/cytotoxic","")&IF(AB59="Y","/myotoxic","")&IF(AC59="Y","/cardiotoxic",""),2,1))&MID(IF(V59="Y","/neurotoxic","")&IF(W59="Y","/hemotoxic","")&IF(X59="Y","/procoagulant","")&IF(Y59="Y","/anticoagulant","")&IF(Z59="Y","/hemorrhagic","")&IF(AA59="Y","/cytotoxic","")&IF(AB59="Y","/myotoxic","")&IF(AC59="Y","/cardiotoxic",""),3,200)) -> Hemotoxic | G59: =IFERROR(INDEX('LD50 Sources'!$C$2:$C$1000,MATCH($A59,'LD50 Sources'!$L$2:$L$1000,0)),"") -> 10.9 | H59: =IFERROR(INDEX('LD50 Sources'!$D$2:$D$1000,MATCH($A59,'LD50 Sources'!$L$2:$L$1000,0))&"","") -> SC | I59: =IFERROR(INDEX('LD50 Sources'!$H$2:$H$1000,MATCH($A59,'LD50 Sources'!$L$2:$L$1000,0))&"","") -> C | J59: =IF(COUNTIFS('LD50 Sources'!$A$2:$A$1000,$A59,'LD50 Sources'!$K$2:$K$1000,1)<2,"",ROUND(_xlfn.MAXIFS('LD50 Sources'!$C$2:$C$1000,'LD50 Sources'!$A$2:$A$1000,$A59,'LD50 Sources'!$K$2:$K$1000,1)/_xlfn.MINIFS('LD50 Sources'!$C$2:$C$1000,'LD50 Sources'!$A$2:$A$1000,$A59,'LD50 Sources'!$K$2:$K$1000,1),1)) | K59: =IFERROR(INDEX('Yield Sources'!$C$2:$C$1000,MATCH($A59,'Yield Sources'!$N$2:$N$1000,0)),"") -> 40 | L59: =IFERROR(INDEX('Yield Sources'!$D$2:$D$1000,MATCH($A59,'Yield Sources'!$N$2:$N$1000,0)),"") -> 75 | M59: =IFERROR(INDEX('Yield Sources'!$J$2:$J$1000,MATCH($A59,'Yield Sources'!$N$2:$N$1000,0))&"","") -> C | N59: =IF(COUNTIFS('Yield Sources'!$A$2:$A$1000,$A59,'Yield Sources'!$M$2:$M$1000,1)<2,"",ROUND(_xlfn.MAXIFS('Yield Sources'!$D$2:$D$1000,'Yield Sources'!$A$2:$A$1000,$A59,'Yield Sources'!$M$2:$M$1000,1)/_xlfn.MINIFS('Yield Sources'!$D$2:$D$1000,'Yield Sources'!$A$2:$A$1000,$A59,'Yield Sources'!$M$2:$M$1000,1),1)) | O59: 7 | P59: 4 | Q59: Slow (24 h or more) | R59: Widely available | S59: =IFERROR(INDEX('Clinical Sources'!$M$2:$M$1000,MATCH($A59&"|Annual deaths",'Clinical Sources'!$N$2:$N$1000,0)),"") | T59: =IFERROR(INDEX('Clinical Sources'!$M$2:$M$1000,MATCH($A59&"|Case-fatality rate",'Clinical Sources'!$N$2:$N$1000,0)),"") | U59: Taxonomy: North American copperhead; unrelated to Austrelaps superbus (Lowlands copperhead). Clinical: Local swelling and pain; fatalities are extremely rare with treatment. Antivenom: USA. Bite propensity: Scored 4: freezes rather than flees; most-reported US bite. | W59: Y | AD59: Carried from v3.2 text; source needed | AE59: Common in woodland and suburbs of the eastern USA; stays still, so people come close.
